frame,time_s,x_px,y_px,along_px,cross_px,cross_step_150ms_px,heading_deg,heading_step_150ms_deg,inliers
0,0.0,95.85713958740234,90.14286041259766,-5.684528421728705,13.141578303624973,nan,0.0,nan,299
2,0.06685446009389671,97.26868438720703,90.36820220947266,-5.938728986311465,12.46375958585142,nan,-0.08802191913127899,nan,145
4,0.13370892018779343,98.63019561767578,90.6410903930664,-6.239441365140289,11.785940868077866,-1.3556374355471075,-0.17604383826255798,-0.17604383826255798,140
6,0.20056338028169013,99.75941467285156,92.03685760498047,-7.658040355843943,10.685541536925303,-1.7782180489261172,-0.587979257106781,-0.499957337975502,105
8,0.26741784037558686,101.36162567138672,92.6059799194336,-8.259853864014664,9.149792665926709,-2.6361482021511566,-0.587979257106781,-0.411935418844223,101
10,0.33427230046948353,101.31665802001953,93.0705337524414,-8.72338941852487,9.095321176717713,-1.5902203602075904,-1.6051751375198364,-1.0171958804130554,80
12,0.40112676056338026,103.57131958007812,95.8741455078125,-11.572584861544408,9.095321176717713,-0.05447148920899636,-2.310736656188965,-1.7227573990821838,66
14,0.467981220657277,102.16546630859375,95.50788879394531,-11.17761548289211,8.351075235243432,-0.744245941474281,-2.310736656188965,-0.7055615186691284,76
16,0.5348356807511737,100.82791900634766,96.3890380859375,-12.031189315759814,6.953017085049697,-2.1423040916680156,-0.020825760439038277,2.2899108957499266,60
18,0.6016901408450704,104.08711242675781,99.81745910644531,-15.525634093831139,8.351075235243432,0.0,-4.297306537628174,-1.986569881439209,61
20,0.6685446009389671,104.51080322265625,101.31792449951172,-17.034461298652644,6.518084716783451,-0.4349323682662458,-0.07679541409015656,-0.05596965365111828,62
22,0.7353990610328638,102.18653106689453,100.9073486328125,-16.576374413641727,6.125209733729686,-2.225865501513746,-0.020825760439038277,4.2764807771891356,64
24,0.8022535211267605,105.18218231201172,104.0146484375,-19.74436842286843,5.509195726204416,-1.0088889905790355,-0.020825760439038277,0.05596965365111828,50
26,0.8691079812206572,105.82730865478516,105.40177917480469,-21.144419359575846,4.892610731949477,-1.2325990017802084,-0.01616925746202469,0.004656502977013588,53
28,0.935962441314554,106.51177215576172,106.6963119506836,-22.45269731054356,4.2348005807618,-1.2743951454426155,0.11132747679948807,0.13215323723852634,43
30,1.0028169014084507,107.11141967773438,108.2441177368164,-24.012458273739863,3.666975220388473,-1.2256355115610043,0.15339665114879608,0.16956590861082077,50
32,1.0696713615023474,107.85308837890625,109.78216552734375,-25.56537163835709,2.9569586359080557,-1.2778419448537446,0.1950436532497406,0.08371617645025253,42
34,1.1365258215962442,108.38363647460938,110.98216247558594,-26.775981661901305,2.451095681602205,-1.2158795387862682,0.1950436532497406,0.04164700210094452,41
36,1.2033802816901409,108.83553314208984,112.16183471679688,-27.964660593870487,2.0234514469208604,-0.9335071889871953,0.1950436532497406,0.0,39
38,1.2702347417840376,109.50825500488281,113.62474060058594,-29.441035895885747,2.0234514469208604,-0.4276442346813445,0.0983155146241188,-0.0967281386256218,46
40,1.3370892018779341,110.0344467163086,114.872314453125,-30.69912363545153,1.3808284648359974,-0.642622982084863,0.027108171954751015,-0.16793548129498959,42
42,1.4039436619718308,106.36917877197266,108.93901062011719,-24.692005612724216,0.8802952748609321,-1.1431561720599284,0.027108171954751015,-0.07120734266936779,39
44,1.4707981220657276,110.95723724365234,117.63600158691406,-33.48112838923064,0.014293842542858096,-1.3665346222931394,0.0983155146241188,0.07120734266936779,36
46,1.5376525821596243,111.18946075439453,118.76870727539062,-34.618352087060146,-0.1804111905013429,-1.060706465362275,0.18677003681659698,0.15966186486184597,42
48,1.604507042253521,111.1988296508789,119.92314147949219,-35.77273606279937,-0.19468509597390848,-0.20897893851676658,0.275613933801651,0.1772984191775322,32
50,1.6713615023474178,111.25411224365234,121.7730941772461,-37.623432914411175,-0.19779832438952133,-0.01738713388817842,0.275613933801651,0.08884389698505402,44
52,1.7382159624413145,111.43666076660156,123.33918762207031,-39.19293622748813,-0.32052607464139604,-0.12584097866748756,0.275613933801651,0.0,37
54,1.8050704225352112,111.434814453125,124.60226440429688,-40.45571033045943,-0.3482376523353489,-0.1504393279458276,-0.03724796324968338,-0.3128618970513344,35
56,1.871924882629108,111.91598510742188,126.27332305908203,-42.13627211237905,-0.7673754043265123,-0.44684932968511626,-0.03724796324968338,-0.3128618970513344,43
58,1.9387793427230047,112.15533447265625,128.15643310546875,-44.023888732020765,-0.7673754043265123,-0.4191377519911634,-0.03724796324968338,0.0,40
60,2.0056338028169014,112.4092025756836,129.7598419189453,-45.632160091610295,-0.7673754043265123,0.0,-0.03724796324968338,0.0,34
62,2.072488262910798,110.41310119628906,127.96805572509766,-43.79987289822773,-0.9681117057098338,-0.20073630138332155,-0.11319416016340256,-0.07594619691371918,28
64,2.139342723004695,110.18925476074219,130.654296875,-46.4809667455891,-1.1890915029607259,-0.42171609863421355,-0.11747784912586212,-0.08022988587617874,38
66,2.2061971830985914,113.35209655761719,134.6685791015625,-50.55917675696808,-2.0312652192816656,-1.0631535135718317,-0.6773690581321716,-0.5641748979687691,35
68,2.2730516431924883,113.82235717773438,136.87428283691406,-52.77404808439922,-2.4562581861649506,-1.2671666832042248,-0.6773690581321716,-0.5598912090063095,35
70,2.339906103286385,114.15333557128906,137.71868896484375,-53.62505500975072,-2.769875180106654,-0.7386099608249883,-0.6773690581321716,0.0,32
72,2.4067605633802818,114.89512634277344,139.67147827148438,-55.59262541808558,-3.4715206126680975,-1.015262426503147,-0.9197980165481567,-0.2424289584159851,34
74,2.4736150234741783,115.00486755371094,141.44956970214844,-57.37259129139168,-3.544826540427511,-0.7749513603208573,-0.9197980165481567,-0.2424289584159851,24
76,2.5404694835680752,115.6716079711914,142.71214294433594,-58.648553472224805,-4.185571801255457,-0.7140511885873595,-0.9197980165481567,0.0,31
78,2.6073239436619717,116.15866088867188,145.05726623535156,-61.00315899625832,-4.624498470166107,-1.0796719297385957,-0.9197980165481567,0.0,34
80,2.6741784037558682,116.72574615478516,147.3240966796875,-63.281127017356056,-4.624498470166107,-0.4389266689106499,-0.964089035987854,-0.044291019439697266,29
82,2.741032863849765,116.51495361328125,149.26295471191406,-65.21526179630175,-4.894591175299985,-0.2700927051338784,-1.7722619771957397,-0.852463960647583,28
84,2.8078873239436617,106.30026245117188,111.0309829711914,-26.782127984367794,-5.145044008296188,-0.5205455381300812,-1.7722619771957397,-0.8081729412078857,26
86,2.8747417840375586,117.38707733154297,152.144775390625,-68.11433775258482,-4.894591175299985,0.0,-1.8074568510055542,-0.03519487380981445,23
88,2.941596244131455,117.06726837158203,154.442138671875,-70.40467013150875,4.535032577250789,9.680076585546978,-1.8074568510055542,-0.03519487380981445,31
90,3.008450704225352,99.7390365600586,106.88882446289062,-22.506475415519144,5.536237510957055,10.43082868625704,-1.4698463678359985,0.33761048316955566,25
92,3.0753051643192486,102.66506958007812,99.35228729248047,-15.031438822990276,5.997709809402835,1.4626772321520463,0.3632684201002121,2.1707252711057663,23
94,3.1421596244131456,105.05571746826172,99.16089630126953,-14.889044345266198,6.459182107848616,0.9229445968915604,0.3632684201002121,1.8331147879362106,21
96,3.209014084507042,104.6119499206543,100.03000259399414,-15.74888078443948,5.997709809402835,0.0,0.39184755086898804,0.02857913076877594,0
98,3.275868544600939,104.16818237304688,100.89910888671875,-16.60871722361276,5.997709809402835,-0.46147229844578064,0.3632684201002121,0.0,22
100,3.3427230046948355,105.2281723022461,100.64703369140625,-16.378401669132224,5.997709809402835,0.0,0.007136572618037462,-0.3847109782509506,21
102,3.4095774647887325,104.09324645996094,101.79265594482422,-17.500542343695134,5.536146882136914,-0.46156292726592074,-0.03593209385871887,-0.39920051395893097,22
104,3.476431924882629,105.1147232055664,102.03724670410156,-17.765999907782465,5.394252392111506,-0.6034574172913292,-0.04528290033340454,-0.052419472951442,24
106,3.5432863849765255,106.42455291748047,102.32685089111328,-18.08236643557379,4.232522442568197,-1.3036244395687175,-0.04528290033340454,-0.009350806474685669,24
108,3.6101408450704224,107.47140502929688,102.06851577758789,-17.845523235577275,3.180599596771007,-2.213652795340499,-0.04528290033340454,0.0,0
110,3.676995305164319,108.51825714111328,101.8101806640625,-17.608680035580768,2.1286767509738165,-2.10384569159438,0.23571103811264038,0.2809939384460449,20
112,3.743849765258216,108.77344512939453,102.01007843017578,-17.813761696080043,1.8776358403895623,-1.3029637563814445,0.2544098198413849,0.29969272017478943,20
114,3.8107042253521124,109.2606201171875,101.71658325195312,-17.530304574627085,1.384552735154114,-0.7441240158197024,0.610539436340332,0.37482839822769165,22
116,3.8775586854460093,109.37010955810547,102.05738067626953,-17.873272689406694,1.282065202557459,-0.5955706378321033,0.7060835957527161,0.4516737759113312,22
118,3.944413145539906,109.87387084960938,102.23601531982422,-18.0621860422144,0.7844483499866315,-0.6001043851674825,0.7259117960929871,0.11537235975265503,22
120,4.011267605633803,109.85443878173828,101.40355682373047,-17.229504178953373,0.7820676827370665,-0.49999751982039253,0.767325758934021,0.06124216318130493,21
122,4.078122065727699,110.8694076538086,102.36836242675781,-18.214892286075848,-0.08190594016795343,-0.8663542901545849,1.0462462902069092,0.3203344941139221,24
124,4.144976525821596,110.92535400390625,102.15869140625,-18.00641091955798,-0.21055011294998152,-0.992617795687048,1.392327070236206,0.6250013113021851,24
126,4.211830985915493,110.72557067871094,101.62793731689453,-17.471676909801563,-0.27077843473366797,-0.18887249456571453,1.0462462902069092,0.0,27
128,4.27868544600939,111.02949523925781,101.8386459350586,-17.68856519690513,-0.27077843473366797,-0.06022832178368645,1.0462462902069092,-0.3460807800292969,27
130,4.345539906103286,111.70222473144531,102.50956726074219,-18.373122177914862,-0.3814518151011607,-0.11067338036749275,0.9878973960876465,-0.058348894119262695,23
132,4.412394366197183,108.2014389038086,102.96315002441406,-18.754919720352497,-1.0403009136561532,-0.7695224789224853,0.9878973960876465,-0.058348894119262695,26
134,4.479248826291079,112.927734375,102.66753387451172,-18.556152006416315,-2.2623186792349013,-1.8808668641337405,0.9170051217079163,-0.07089227437973022,25
136,4.546103286384977,113.29143524169922,101.69434356689453,-17.59061375035992,-2.6458725494661515,-1.6055716358099983,0.9878973960876465,0.0,23
138,4.612957746478873,113.5800552368164,102.57654571533203,-18.47854134278718,-2.8140896491640293,-0.551770969929128,0.9170051217079163,0.0,26
140,4.67981220657277,113.48052978515625,102.71189880371094,-18.611827936369373,-2.9163660297859537,-0.27049348031980225,0.9170051217079163,-0.07089227437973022,24
142,4.746666666666666,113.9581069946289,102.83818054199219,-18.74786315722093,-3.2889806757363274,-0.4748910265722981,0.8114397525787354,-0.10556536912918091,27
144,4.8135211267605635,114.53692626953125,102.74280548095703,-18.664361324939254,-3.733766153370866,-0.8174001235849122,0.7621847987174988,-0.15482032299041748,28
146,4.88037558685446,114.40511322021484,102.94204711914062,-18.860861876003643,-3.8696316890580444,-0.5806510133217171,0.6579703092575073,-0.15346944332122803,24
148,4.9472300469483566,114.94973754882812,102.7145004272461,-18.644515875544556,-4.282936040013396,-0.5491698866425296,0.5242446064949036,-0.23794019222259521,31
150,5.014084507042253,115.0302963256836,102.83009338378906,-18.761734297911303,-4.342250001999212,-0.47261831294116785,0.5161547064781189,-0.14181560277938843,28
152,5.0809389671361505,115.14633178710938,102.71343994140625,-18.647481525720874,-4.3611107775482525,-0.07817473753485693,0.5242446064949036,0.0,28
154,5.147793427230047,115.0133285522461,102.9227066040039,-18.853980625966564,-4.479510768996124,-0.1372607669969117,0.5242446064949036,0.008089900016784668,22
156,5.2146478873239435,115.32064056396484,102.52396392822266,-18.461614791574355,-4.657663137485868,-0.29655235993761586,0.6695409417152405,0.14529633522033691,26
158,5.28150234741784,115.61744689941406,102.38591766357422,-18.329675561442645,-4.657663137485868,-0.17815236848974436,0.6695409417152405,0.14529633522033691,24
160,5.3483568075117365,115.4950180053711,102.42433166503906,-18.365574373132993,-4.657663137485868,0.0,0.7312370538711548,0.06169611215591431,22
162,5.415211267605634,114.5266342163086,102.69895935058594,-18.620313625555436,-4.645261199322898,0.012401938162970083,0.7312370538711548,0.06169611215591431,18
164,5.48206572769953,115.30131530761719,102.18608093261719,-18.123406902574068,-4.4183848312504646,0.2392783062354038,0.6397820711135864,-0.09145498275756836,22
166,5.548920187793427,113.63089752197266,102.81959533691406,-18.722581159351066,-4.348754054669101,0.29650714465379746,0.6397820711135864,-0.09145498275756836,21
168,5.615774647887323,115.07196807861328,102.0677719116211,-18.000426052393703,-4.348754054669101,0.06963077658136374,0.715839684009552,0.07605761289596558,24
170,5.682629107981221,114.99381256103516,101.65229034423828,-17.58343112111101,-4.184074159485866,0.16467989518323467,0.6397820711135864,0.0,26
172,5.749483568075117,114.83167266845703,101.77798461914062,-17.705778690073007,-4.184074159485866,0.16467989518323467,0.6397820711135864,-0.07605761289596558,21
174,5.816338028169014,114.35186004638672,101.93700408935547,-17.854939072016066,-3.7011057084831123,0.4829684510027539,0.5718532800674438,-0.06792879104614258,24
176,5.88319248826291,114.26609802246094,101.50575256347656,-17.422021720996074,-3.6241929624226334,0.5598811970632327,0.5718532800674438,-0.06792879104614258,23
178,5.950046948356808,114.18116760253906,101.80994415283203,-17.72441029103662,-3.533051029309798,0.16805467917331418,0.5718532800674438,0.0,19
180,6.016901408450704,113.85829162597656,101.37652587890625,-17.28447095829013,-3.2191184252105054,0.40507453721212805,0.5718532800674438,0.0,23
182,6.083755868544601,113.39017486572266,101.14427185058594,-17.04267940382966,-2.7558559951633295,0.7771950341464686,0.6716142296791077,0.09976094961166382,31
184,6.150610328638497,112.99979400634766,101.05974578857422,-16.950176735050892,-2.367287948620155,0.8518304765903504,0.6716142296791077,0.09976094961166382,25
186,6.217464788732394,112.39842987060547,100.70695495605469,-16.58514497495235,-1.7732744728587624,0.9825815223045671,0.6079187393188477,-0.06369549036026001,23
188,6.284319248826291,111.4064712524414,100.58041381835938,-16.438316757932736,-1.0021674083533119,1.3651205402668432,0.6079187393188477,-0.06369549036026001,20
190,6.351173708920188,111.61878204345703,100.2978744506836,-16.16018440110845,-0.7841152165375054,0.989159256321257,0.6316229104995728,0.023704171180725098,28
192,6.418028169014084,111.12360382080078,99.9924087524414,-15.844642356922325,-0.5133484404864417,0.4888189678668702,0.6316229104995728,0.023704171180725098,25
194,6.484882629107981,110.78844451904297,99.49620056152344,-15.341674732880707,-0.18842091709884426,0.5956942994386611,0.6376984715461731,0.006075561046600342,26
196,6.551737089201878,110.27479553222656,99.26726531982422,-15.10226884698965,0.3204321543767226,0.8337805948631642,0.6376984715461731,0.006075561046600342,30
198,6.6185915492957745,109.9765396118164,98.8795166015625,-14.70849366952873,0.6106850995623588,0.7991060166612031,0.7640647888183594,0.12636631727218628,22
200,6.685446009389671,109.67745208740234,98.81497192382812,-14.637837726186486,0.9083881401151628,0.5879559857384402,0.6376984715461731,0.0,26
202,6.7523004694835675,109.64018249511719,98.23393249511719,-14.056156925209553,0.9337512235370986,0.32306612397473977,0.5594971179962158,-0.20456767082214355,26
204,6.819154929577465,109.44148254394531,98.07795715332031,-13.89614525674972,1.0115280441811516,0.10313990406598883,0.5594971179962158,-0.07820135354995728,24
206,6.8860093896713614,109.29007720947266,97.71846008300781,-13.533623051547462,1.1292153987740403,0.1954641752369417,0.5594971179962158,0.0,19
208,6.952863849765258,109.54013061523438,97.147216796875,-12.967620222270883,1.2732270983173033,0.2616990541361517,0.5594971179962158,0.0,25
210,7.0197183098591545,107.92591857910156,97.37670135498047,-13.164000356365808,1.2732270983173033,0.14401169954326298,0.6407532095909119,0.08125609159469604,23
212,7.086572769953051,108.31777954101562,96.3258056640625,-12.121349682562887,1.0115280441811516,-0.2616990541361517,0.7300971746444702,0.1706000566482544,20
214,7.153427230046948,109.99909210205078,95.47125244140625,-11.301406066100705,0.5183419201259348,-0.7548851781913685,0.8320896029472351,0.19133639335632324,24
216,7.220281690140845,110.64381408691406,94.51451873779297,-10.358075794739802,0.5183419201259348,-0.4931861240552168,0.8320896029472351,0.10199242830276489,20
218,7.287136150234741,110.89826965332031,93.74015045166016,-9.589080709929995,-0.14583713444429466,-0.6641790545702295,0.8958885669708252,0.06379896402359009,21
220,7.353990610328638,109.49150848388672,93.27921295166016,-9.099431807712508,-0.14751789392230957,-0.6658598140482443,0.9134913086891174,0.08140170574188232,20
222,7.420845070422535,111.09904479980469,92.0493392944336,-7.902735650911439,-0.4160970785384009,-0.27025994409410625,0.8958885669708252,0.0,23
224,7.487699530516432,110.57530212402344,91.08755493164062,-6.930427622481621,-0.6514550415890592,-0.5039371476667496,0.8768119812011719,-0.03667932748794556,23
226,7.554553990610328,112.2571792602539,90.01586151123047,-5.893400904565429,-1.8509887845022437,-1.4348917059638429,0.8958885669708252,0.0,25
228,7.621408450704225,112.45044708251953,88.88338470458984,-4.7651193750651375,-2.0674072654384306,-1.4159522238493714,0.9134913086891174,0.03667932748794556,27
230,7.688262910798122,112.96868896484375,87.4666748046875,-3.359319269317236,-2.2371056179353657,-0.386116833433122,1.1843785047531128,0.2884899377822876,21
232,7.755117370892019,112.56361389160156,86.12166595458984,-2.006297226042263,-2.6145522661059366,-0.547145000667506,1.1843785047531128,0.27088719606399536,21
234,7.821971830985915,114.11298370361328,84.55493927001953,-0.4716275302229027,-3.0682813423557214,-0.8311757244203557,1.2581099271774292,0.0737314224243164,22
236,7.888826291079812,113.32913970947266,82.90799713134766,1.191021024998807,-3.8182344056220687,-1.2036821395161321,1.2581099271774292,0.0737314224243164,22
238,7.955680751173708,115.27425384521484,80.87748718261719,3.1812725619946414,-5.054568953061484,-1.9862876107057623,1.696955680847168,0.43884575366973877,23
240,8.022535211267606,115.70755004882812,78.76477813720703,5.284665402893692,-5.531038959964535,-1.7128045543424664,1.696955680847168,0.43884575366973877,22
242,8.089389671361502,116.39029693603516,76.20111083984375,7.833813605638421,-6.163843451061915,-1.1092744980004312,1.861783504486084,0.16482782363891602,16
244,8.156244131455399,116.25640869140625,74.65989685058594,9.377446201181298,-6.2661421935339146,-0.7351032335693795,1.861783504486084,0.16482782363891602,18
246,8.223098591549295,116.89132690429688,71.54109191894531,12.482595074064852,-6.3975901270957,-0.2337466760337854,1.420629620552063,-0.441153883934021,16
248,8.289953051643192,116.39531707763672,69.29994201660156,14.733432435044293,-6.412485412097669,-0.14634321856375454,1.420629620552063,-0.441153883934021,16
250,8.356807511737088,116.32001495361328,66.35091400146484,17.683384091330943,-6.412485412097669,-0.014895285001968794,2.043691635131836,0.623062014579773,17
252,8.423661971830986,116.46023559570312,63.05592727661133,20.974808371556296,-6.3975901270957,0.014895285001968794,1.420629620552063,0.0,17
254,8.490516431924883,110.32917785644531,61.67282485961914,22.48317432134675,-5.2676562770616435,1.1448291350360256,1.3338568210601807,-0.7098348140716553,12
256,8.55737089201878,114.11492156982422,58.896568298339844,25.18132314176638,-4.345611401844448,2.051978725251252,0.4406798183917999,-0.9799498021602631,11
258,8.624225352112676,114.94622039794922,54.45672607421875,29.60321074377712,-3.457802721562498,1.8098535554991457,0.29823926091194153,-1.0356175601482391,12
260,8.691079812206572,112.97369384765625,51.34941101074219,32.75026816539513,-3.457802721562498,0.8878086802819505,-0.027404163032770157,-0.4680839814245701,15
262,8.757934272300469,112.99263000488281,47.45774459838867,36.640730706842305,-3.3591758657505792,0.09862685581191855,-0.027404163032770157,-0.3256434239447117,10
264,8.824788732394365,111.33769989013672,44.163124084472656,39.968550468947534,-1.8706878402915819,1.587114881270916,-0.7067499160766602,-0.67934575304389,11
266,8.891643192488262,105.61837768554688,41.603126525878906,42.64513312362416,-1.807153917010733,1.5520219487398463,-0.7067499160766602,-0.67934575304389,9
268,8.958497652582158,111.11126708984375,36.210731506347656,47.923912369594085,-0.08330530303358262,1.7873825372579992,-0.7067499160766602,0.0,11
270,9.025352112676057,109.2874526977539,31.347858428955078,52.823114290286135,-0.08330530303358262,1.7238486139771503,0.21302929520606995,0.9197792112827301,7
272,9.092206572769953,109.2874526977539,31.347858428955078,52.823114290286135,-0.08330530303358262,0.0,0.21302929520606995,0.9197792112827301,0
274,9.15906103286385,109.2874526977539,31.347858428955078,52.823114290286135,-0.08330530303358262,0.0,0.21302929520606995,0.0,0
276,9.225915492957746,109.2874526977539,31.347858428955078,52.823114290286135,-0.08330530303358262,0.0,0.21302929520606995,0.0,0
278,9.292769953051643,109.2874526977539,31.347858428955078,52.823114290286135,-0.08330530303358262,0.0,0.21302929520606995,0.0,0
280,9.35962441314554,109.2874526977539,31.347858428955078,52.823114290286135,-0.08330530303358262,0.0,0.21302929520606995,0.0,0
282,9.426478873239436,109.2874526977539,31.347858428955078,52.823114290286135,-0.08330530303358262,0.0,0.21302929520606995,0.0,0
284,9.493333333333332,109.2874526977539,31.347858428955078,52.823114290286135,-0.08330530303358262,0.0,0.21302929520606995,0.0,0
286,9.560187793427229,109.2874526977539,31.347858428955078,52.823114290286135,-0.08330530303358262,0.0,0.21302929520606995,0.0,0
288,9.627042253521127,109.2874526977539,31.347858428955078,52.823114290286135,-0.08330530303358262,0.0,0.21302929520606995,0.0,0
290,9.693896713615024,109.2874526977539,31.347858428955078,52.823114290286135,-0.08330530303358262,0.0,0.21302929520606995,0.0,0
292,9.76075117370892,109.2874526977539,31.347858428955078,52.823114290286135,-0.08330530303358262,0.0,0.21302929520606995,0.0,0
294,9.827605633802817,109.2874526977539,31.347858428955078,52.823114290286135,-0.08330530303358262,0.0,0.21302929520606995,0.0,0
296,9.894460093896713,109.2874526977539,31.347858428955078,52.823114290286135,-0.08330530303358262,0.0,0.21302929520606995,0.0,0
298,9.96131455399061,109.2874526977539,31.347858428955078,52.823114290286135,-0.08330530303358262,0.0,0.21302929520606995,0.0,0
300,10.028169014084506,109.2874526977539,31.347858428955078,52.823114290286135,-0.08330530303358262,0.0,0.21302929520606995,0.0,0
302,10.095023474178403,109.2874526977539,31.347858428955078,52.823114290286135,-0.08330530303358262,0.0,0.21302929520606995,0.0,0
304,10.161877934272301,109.2874526977539,31.347858428955078,52.823114290286135,-0.08330530303358262,0.0,0.21302929520606995,0.0,0
306,10.228732394366197,109.2874526977539,31.347858428955078,52.823114290286135,-0.08330530303358262,0.0,0.21302929520606995,0.0,0
308,10.295586854460094,109.2874526977539,31.347858428955078,52.823114290286135,-0.08330530303358262,0.0,0.21302929520606995,0.0,0
310,10.36244131455399,109.2874526977539,31.347858428955078,52.823114290286135,-0.08330530303358262,0.0,0.21302929520606995,0.0,0
312,10.429295774647887,109.2874526977539,31.347858428955078,52.823114290286135,-0.08330530303358262,0.0,0.21302929520606995,0.0,0
314,10.496150234741783,109.2874526977539,31.347858428955078,52.823114290286135,-0.08330530303358262,0.0,0.21302929520606995,0.0,0
316,10.56300469483568,109.2874526977539,31.347858428955078,52.823114290286135,-0.08330530303358262,0.0,0.21302929520606995,0.0,0
318,10.629859154929576,109.2874526977539,31.347858428955078,52.823114290286135,-0.08330530303358262,0.0,0.21302929520606995,0.0,0
320,10.696713615023473,109.2874526977539,31.347858428955078,52.823114290286135,-0.08330530303358262,0.0,0.21302929520606995,0.0,0
322,10.763568075117371,109.2874526977539,31.347858428955078,52.823114290286135,-0.08330530303358262,0.0,0.21302929520606995,0.0,0
324,10.830422535211268,109.2874526977539,31.347858428955078,52.823114290286135,-0.08330530303358262,0.0,0.21302929520606995,0.0,0
326,10.897276995305164,109.2874526977539,31.347858428955078,52.823114290286135,-0.08330530303358262,0.0,0.21302929520606995,0.0,0
328,10.96413145539906,109.2874526977539,31.347858428955078,52.823114290286135,-0.08330530303358262,0.0,0.21302929520606995,0.0,0
330,11.030985915492957,109.2874526977539,31.347858428955078,52.823114290286135,-0.08330530303358262,0.0,0.21302929520606995,0.0,0
332,11.097840375586854,109.2874526977539,31.347858428955078,52.823114290286135,-0.08330530303358262,0.0,0.21302929520606995,0.0,0
334,11.16469483568075,109.2874526977539,31.347858428955078,52.823114290286135,-0.08330530303358262,0.0,0.21302929520606995,0.0,0
336,11.231549295774647,109.2874526977539,31.347858428955078,52.823114290286135,-0.08330530303358262,0.0,0.21302929520606995,0.0,0
338,11.298403755868543,109.2874526977539,31.347858428955078,52.823114290286135,-0.08330530303358262,0.0,0.21302929520606995,0.0,0
340,11.365258215962442,109.2874526977539,31.347858428955078,52.823114290286135,-0.08330530303358262,0.0,0.21302929520606995,0.0,0
342,11.432112676056338,109.2874526977539,31.347858428955078,52.823114290286135,-0.08330530303358262,0.0,0.21302929520606995,0.0,0
344,11.498967136150235,109.2874526977539,31.347858428955078,52.823114290286135,-0.08330530303358262,0.0,0.21302929520606995,0.0,0
346,11.565821596244131,109.2874526977539,31.347858428955078,52.823114290286135,-0.08330530303358262,0.0,0.21302929520606995,0.0,0
348,11.632676056338028,109.2874526977539,31.347858428955078,52.823114290286135,-0.08330530303358262,0.0,0.21302929520606995,0.0,0
350,11.699530516431924,109.2874526977539,31.347858428955078,52.823114290286135,-0.08330530303358262,0.0,0.21302929520606995,0.0,0
352,11.76638497652582,109.2874526977539,31.347858428955078,52.823114290286135,-0.08330530303358262,0.0,0.21302929520606995,0.0,0
354,11.833239436619717,109.2874526977539,31.347858428955078,52.823114290286135,-0.08330530303358262,0.0,0.21302929520606995,0.0,0
