frame,time_s,x_px,y_px,along_px,cross_px,cross_step_150ms_px
0,0.0000,342.569,81.208,263.087,64.301,nan
1,0.0334,342.561,81.234,263.060,64.301,nan
2,0.0668,342.275,81.269,262.915,64.301,nan
3,0.1003,342.087,81.381,262.739,64.244,nan
4,0.1337,342.061,81.417,262.695,64.187,-0.115
5,0.1671,342.129,81.573,262.579,64.182,-0.119
6,0.2005,342.129,81.573,262.579,64.177,-0.124
7,0.2339,341.841,81.651,262.394,64.089,-0.155
8,0.2673,341.845,81.619,262.425,64.089,-0.098
9,0.3008,341.857,81.670,262.383,64.089,-0.093
10,0.3342,341.857,81.670,262.383,64.067,-0.110
11,0.3676,341.857,81.670,262.383,64.058,-0.031
12,0.4010,341.288,80.617,263.126,63.152,-0.937
13,0.4344,340.718,79.565,263.870,62.214,-1.875
14,0.4678,340.149,78.513,264.614,61.277,-2.790
15,0.5013,339.579,77.460,265.357,60.339,-3.719
16,0.5347,339.010,76.408,266.101,59.402,-3.750
17,0.5681,338.441,75.355,266.844,58.464,-3.750
18,0.6015,337.871,74.303,267.588,57.527,-3.750
19,0.6349,337.302,73.250,268.332,56.589,-3.750
20,0.6683,336.733,72.198,269.075,55.652,-3.750
21,0.7018,336.163,71.146,269.819,54.714,-3.750
22,0.7352,335.594,70.093,270.562,53.777,-3.750
23,0.7686,335.024,69.041,271.306,52.839,-3.750
24,0.8020,334.455,67.988,272.050,51.902,-3.750
25,0.8354,333.886,66.936,272.793,50.964,-3.750
26,0.8688,333.316,65.883,273.537,50.027,-3.750
27,0.9023,332.747,64.831,274.280,49.090,-3.750
28,0.9357,332.177,63.779,275.024,48.152,-3.750
29,0.9691,331.608,62.726,275.768,47.215,-3.750
30,1.0025,331.039,61.674,276.511,46.277,-3.750
31,1.0359,330.469,60.621,277.255,45.340,-3.750
32,1.0693,329.900,59.569,277.998,44.402,-3.750
33,1.1028,329.331,58.516,278.742,43.465,-3.750
34,1.1362,328.761,57.464,279.486,42.527,-3.750
35,1.1696,328.192,56.412,280.229,41.590,-3.750
36,1.2030,327.622,55.359,280.973,40.652,-3.750
37,1.2364,327.053,54.307,281.717,39.715,-3.750
38,1.2698,326.484,53.254,282.460,38.777,-3.750
39,1.3033,325.914,52.202,283.204,37.840,-3.750
40,1.3367,325.345,51.149,283.947,36.902,-3.750
41,1.3701,324.775,50.097,284.691,35.965,-3.750
42,1.4035,324.206,49.045,285.435,35.028,-3.750
43,1.4369,323.637,47.992,286.178,34.090,-3.750
44,1.4703,323.067,46.940,286.922,33.153,-3.750
45,1.5038,322.498,45.887,287.665,32.215,-3.750
46,1.5372,321.929,44.835,288.409,31.278,-3.750
47,1.5706,321.359,43.782,289.153,30.340,-3.750
48,1.6040,320.790,42.730,289.896,29.403,-3.750
49,1.6374,320.220,41.678,290.640,28.465,-3.750
50,1.6708,319.651,40.625,291.383,27.528,-3.750
51,1.7043,319.082,39.573,292.127,26.590,-3.750
52,1.7377,318.512,38.520,292.871,25.653,-3.750
53,1.7711,317.943,37.468,293.614,24.715,-3.750
54,1.8045,317.373,36.415,294.358,23.778,-3.750
55,1.8379,316.804,35.363,295.102,22.840,-3.750
56,1.8713,316.235,34.311,295.845,21.903,-3.750
57,1.9048,315.665,33.258,296.589,20.966,-3.750
58,1.9382,315.096,32.206,297.332,20.028,-3.750
59,1.9716,314.526,31.153,298.076,19.091,-3.750
60,2.0050,313.957,30.101,298.820,18.153,-3.750
61,2.0384,313.388,29.049,299.563,17.216,-3.750
62,2.0718,312.818,27.996,300.307,16.278,-3.750
63,2.1053,312.249,26.944,301.050,15.341,-3.750
64,2.1387,311.680,25.891,301.794,14.403,-3.750
65,2.1721,311.110,24.839,302.538,13.466,-3.750
66,2.2055,310.541,23.786,303.281,12.528,-3.750
67,2.2389,309.971,22.734,304.025,11.591,-3.750
68,2.2723,309.402,21.682,304.768,10.653,-3.750
69,2.3058,308.833,20.629,305.512,9.716,-3.750
70,2.3392,308.263,19.577,306.256,8.778,-3.750
71,2.3726,307.694,18.524,306.999,7.841,-3.750
72,2.4060,307.124,17.472,307.743,6.904,-3.750
73,2.4394,306.555,16.419,308.487,5.966,-3.750
74,2.4728,305.986,15.367,309.230,5.029,-3.750
75,2.5063,305.416,14.315,309.974,4.091,-3.750
76,2.5397,304.847,13.262,310.717,3.154,-3.750
77,2.5731,304.278,12.210,311.461,2.216,-3.750
78,2.6065,303.708,11.157,312.205,2.216,-2.812
79,2.6399,303.139,10.105,312.948,2.216,-1.875
80,2.6734,302.569,9.052,313.692,2.216,-0.937
81,2.7068,302.000,8.000,314.435,2.216,0.000
82,2.7402,302.750,8.500,314.271,2.216,0.000
83,2.7736,303.500,9.000,314.106,2.216,0.000
84,2.8070,105.353,498.395,-213.779,10.532,8.316
85,2.8404,105.160,498.742,-214.174,10.573,8.357
86,2.8739,105.883,499.017,-214.143,11.306,9.090
87,2.9073,106.373,499.303,-214.213,11.868,9.652
88,2.9407,106.574,499.687,-214.487,12.204,1.672
89,2.9741,107.135,499.346,-213.952,12.586,2.013
90,3.0075,107.808,499.066,-213.431,13.095,1.788
91,3.0409,108.162,499.151,-213.370,13.333,1.465
92,3.0744,107.878,499.507,-213.809,13.333,1.129
93,3.1078,108.817,498.725,-212.720,13.333,0.747
94,3.1412,109.570,498.778,-212.473,13.333,0.239
95,3.1746,109.804,498.122,-211.778,13.333,0.000
96,3.2080,110.052,497.919,-211.493,13.333,0.000
97,3.2414,110.290,498.212,-211.669,13.333,0.000
98,3.2749,172.360,337.808,-39.780,9.010,-4.323
99,3.3083,234.430,177.404,132.109,5.618,-7.715
100,3.3417,296.500,17.000,303.997,5.261,-8.072
101,3.3751,301.000,17.500,305.308,4.904,-8.429
102,3.4085,305.500,18.000,306.618,4.547,-4.463
103,3.4419,304.929,18.429,306.000,4.191,-1.427
104,3.4754,304.357,18.857,305.381,4.191,-1.070
105,3.5088,303.786,19.286,304.762,4.191,-0.714
106,3.5422,303.214,19.714,304.143,4.547,0.000
107,3.5756,302.643,20.143,303.524,4.547,0.357
108,3.6090,302.071,20.571,302.906,4.547,0.357
109,3.6424,301.500,21.000,302.287,4.191,0.000
110,3.6759,304.000,21.500,302.810,3.834,-0.714
111,3.7093,306.500,22.000,303.334,3.834,-0.714
112,3.7427,302.833,22.333,301.585,3.834,-0.714
113,3.7761,299.167,22.667,299.837,3.834,-0.357
114,3.8095,295.500,23.000,298.088,4.871,1.037
115,3.8429,297.683,23.399,298.579,4.882,1.048
116,3.8764,299.865,23.798,299.071,5.615,1.782
117,3.9098,302.048,24.198,299.562,7.046,3.212
118,3.9432,304.231,24.597,300.054,7.046,2.175
119,3.9766,306.414,24.996,300.546,9.210,4.328
120,4.0100,308.596,25.395,301.037,11.374,5.758
121,4.0434,310.779,25.795,301.529,13.537,6.491
122,4.0769,312.962,26.194,302.020,15.701,8.655
123,4.1103,315.145,26.593,302.512,17.865,8.655
124,4.1437,317.327,26.992,303.003,20.029,8.655
125,4.1771,319.510,27.392,303.495,22.193,8.655
126,4.2105,321.693,27.791,303.986,24.357,8.655
127,4.2439,323.876,28.190,304.478,26.520,8.655
128,4.2774,326.058,28.589,304.969,26.520,6.491
129,4.3108,328.241,28.989,305.461,26.520,4.328
130,4.3442,330.424,29.388,305.952,26.520,2.164
131,4.3776,332.606,29.787,306.444,26.520,0.000
132,4.4110,334.789,30.186,306.936,26.520,0.000
133,4.4444,336.972,30.586,307.427,26.520,0.000
134,4.4779,110.627,502.870,-215.819,17.548,-8.972
135,4.5113,110.460,503.681,-216.630,17.455,-9.065
136,4.5447,110.658,503.489,-216.375,17.348,-9.172
137,4.5781,109.225,500.629,-214.309,17.183,-9.337
138,4.6115,109.655,500.158,-213.708,15.222,-2.326
139,4.6449,110.926,503.099,-215.912,15.013,-2.442
140,4.6784,106.988,502.661,-217.058,15.013,-2.335
141,4.7118,106.720,503.028,-217.501,15.013,-2.171
142,4.7452,106.892,502.633,-217.070,15.013,-0.210
143,4.7786,107.386,502.748,-216.982,15.013,0.000
144,4.8120,107.241,503.230,-217.482,15.222,0.210
145,4.8454,107.437,503.123,-217.306,15.268,0.255
146,4.8789,108.173,503.738,-217.582,15.268,0.255
147,4.9123,108.398,503.657,-217.419,15.443,0.430
148,4.9457,108.748,503.795,-217.408,15.484,0.262
149,4.9791,108.596,503.447,-217.148,15.543,0.275
150,5.0125,108.154,504.331,-218.135,15.633,0.366
151,5.0459,108.424,504.079,-217.797,15.709,0.267
152,5.0794,106.942,510.340,-224.136,15.709,0.226
153,5.1128,108.132,505.831,-219.523,15.739,0.197
154,5.1462,107.977,505.394,-219.182,15.739,0.106
155,5.1796,107.755,505.995,-219.822,15.709,0.000
156,5.2130,107.789,506.096,-219.901,15.709,0.000
157,5.2464,107.624,506.142,-220.009,15.709,-0.030
158,5.2799,102.474,516.489,-231.547,15.709,-0.030
159,5.3133,105.203,514.266,-228.429,15.047,-0.663
160,5.3467,101.916,517.799,-232.971,15.044,-0.665
161,5.3801,7.012,340.986,-107.743,-141.321,-157.031
162,5.4135,6.872,341.374,-108.155,-141.321,-157.031
163,5.4470,6.958,341.279,-108.034,-141.321,-156.368
164,5.4804,7.021,341.349,-108.073,-141.321,-156.365
165,5.5138,6.797,342.261,-109.000,-141.321,0.000
166,5.5472,6.766,342.145,-108.906,-141.321,0.000
167,5.5806,6.879,342.405,-109.100,-141.321,0.000
168,5.6140,6.800,343.292,-109.947,-141.045,0.276
169,5.6475,6.789,343.335,-109.990,-141.038,0.283
170,5.6809,6.855,343.887,-110.472,-140.761,0.560
171,5.7143,6.822,344.272,-110.839,-140.640,0.681
172,5.7477,6.784,344.731,-111.276,-140.494,0.551
173,5.7811,6.767,344.887,-111.426,-140.449,0.590
174,5.8145,6.689,345.501,-112.021,-140.281,0.480
175,5.8480,6.690,345.540,-112.056,-140.279,0.361
176,5.8814,6.657,345.571,-112.098,-140.262,0.232
177,5.9148,6.752,345.700,-112.179,-140.143,0.306
178,5.9482,6.647,346.658,-113.102,-139.905,0.375
179,5.9816,6.647,346.658,-113.102,-139.863,0.416
180,6.0150,6.630,346.805,-113.244,-139.863,0.400
181,6.0485,6.642,346.679,-113.123,-139.859,0.284
182,6.0819,6.422,347.075,-113.574,-139.820,0.085
183,6.1153,6.376,347.597,-114.071,-139.742,0.121
184,6.1487,6.402,347.992,-114.424,-139.563,0.299
185,6.1821,6.297,348.386,-114.828,-139.554,0.305
186,6.2155,6.304,348.374,-114.814,-139.554,0.267
187,6.2490,6.291,349.022,-115.415,-139.534,0.208
188,6.2824,6.298,349.067,-115.453,-139.534,0.029
189,6.3158,6.200,349.193,-115.608,-139.534,0.020
190,6.3492,6.154,349.266,-115.693,-139.504,0.049
191,6.3826,6.145,348.617,-115.100,-139.503,0.031
192,6.4160,6.006,348.580,-115.121,-139.290,0.244
193,6.4495,5.914,349.206,-115.733,-139.276,0.258
194,6.4829,5.868,349.226,-115.769,-139.276,0.228
195,6.5163,5.867,349.257,-115.798,-139.276,0.227
196,6.5497,25.647,377.450,-133.937,-110.281,29.009
197,6.5831,45.428,405.643,-152.077,-81.006,58.270
198,6.6165,65.208,433.836,-170.216,-51.730,87.546
199,6.6500,84.988,462.029,-188.355,-22.455,116.821
200,6.6834,104.768,490.221,-206.495,6.821,117.102
201,6.7168,124.548,518.414,-224.634,36.096,117.102
202,6.7502,144.328,546.607,-242.773,65.372,117.102
203,6.7836,171.325,608.236,-288.815,103.680,126.134
204,6.8170,173.744,608.374,-287.990,103.680,96.859
205,6.8505,170.660,613.589,-293.998,111.165,75.068
206,6.8839,168.258,613.284,-294.662,111.165,45.793
207,6.9173,165.382,613.813,-296.280,111.165,7.485
208,6.9507,166.221,614.607,-296.680,111.165,7.485
209,6.9841,156.494,615.558,-301.380,111.165,0.000
210,7.0175,153.176,615.351,-302.495,103.680,-7.485
211,7.0510,165.539,615.280,-297.566,103.404,-7.761
212,7.0844,156.581,614.655,-300.516,100.547,-10.617
213,7.1178,140.311,613.946,-306.265,88.167,-22.998
214,7.1512,139.870,613.802,-306.305,87.705,-15.975
215,7.1846,93.790,618.634,-328.873,47.240,-56.164
216,7.2180,90.532,618.359,-329.902,47.240,-53.308
217,7.2515,87.302,618.134,-330.966,47.240,-40.927
218,7.2849,86.929,618.091,-331.073,47.240,-40.465
219,7.3183,82.296,617.916,-332.735,47.240,0.000
220,7.3517,80.791,617.583,-333.021,47.240,0.000
221,7.3851,79.933,617.361,-333.154,47.240,0.000
222,7.4185,161.058,613.017,-297.249,106.876,59.636
223,7.4520,161.322,612.831,-296.974,107.046,59.806
224,7.4854,163.022,611.171,-294.780,107.955,60.716
225,7.5188,163.443,611.193,-294.634,108.352,61.112
226,7.5522,163.876,611.209,-294.478,108.352,1.476
227,7.5856,164.226,611.133,-294.271,108.352,1.306
228,7.6190,164.447,611.194,-294.240,108.352,0.396
229,7.6525,164.375,609.760,-292.950,108.352,0.000
230,7.6859,165.149,609.737,-292.624,108.352,0.000
231,7.7193,166.727,611.544,-293.664,108.352,0.000
232,7.7527,211.318,427.363,-106.791,80.055,-28.296
233,7.7861,255.909,243.181,80.083,48.602,-59.750
234,7.8195,300.500,59.000,266.957,47.197,-61.154
235,7.8530,293.000,59.000,264.007,28.725,-79.626
236,7.8864,317.391,48.952,282.839,17.149,-62.907
237,7.9198,341.782,38.904,301.672,10.253,-38.349
238,7.9532,26.132,363.262,-120.702,-115.302,-162.500
239,7.9866,25.877,364.004,-121.485,-115.302,-144.028
240,8.0201,25.622,364.746,-122.268,-115.302,-132.451
241,8.0535,25.583,364.735,-122.273,-115.302,-125.555
242,8.0869,25.560,364.709,-122.258,-115.302,0.000
243,8.1203,25.572,364.711,-122.255,-115.302,0.000
244,8.1537,25.588,364.738,-122.273,-115.302,0.000
245,8.1871,25.694,364.717,-122.213,-115.247,0.055
246,8.2206,25.734,364.742,-122.220,-115.200,0.102
247,8.2540,37.203,383.826,-135.253,-97.149,18.153
248,8.2874,48.672,402.909,-148.287,-79.098,36.205
249,8.3208,60.142,421.993,-161.321,-61.046,54.201
250,8.3542,71.611,441.077,-174.354,-42.995,72.205
251,8.3876,83.080,460.160,-187.388,-24.944,72.205
252,8.4211,94.549,479.244,-200.422,-6.893,72.205
253,8.4545,106.018,498.327,-213.455,11.159,72.205
254,8.4879,117.487,517.411,-226.489,29.210,72.205
255,8.5213,128.956,536.495,-239.523,47.261,72.205
256,8.5547,140.425,555.578,-252.556,65.312,72.205
257,8.5881,151.895,574.662,-265.590,83.364,72.205
258,8.6216,163.364,593.745,-278.624,101.415,72.205
259,8.6550,174.833,612.829,-291.657,114.452,67.191
260,8.6884,173.597,611.450,-290.876,114.452,49.140
261,8.7218,174.436,613.498,-292.429,114.452,31.088
262,8.7552,173.295,615.258,-294.496,114.452,13.037
263,8.7886,173.654,614.716,-293.856,115.700,1.248
264,8.8221,171.733,610.498,-290.734,115.700,1.248
265,8.8555,171.327,608.276,-288.851,115.700,1.248
266,8.8889,170.510,608.316,-289.209,114.452,0.000
267,8.9223,170.651,608.137,-288.989,113.928,-1.772
268,8.9557,170.919,607.896,-288.661,113.775,-1.924
269,8.9891,173.952,605.907,-285.640,113.716,-1.984
270,9.0226,159.845,457.334,-154.594,44.521,-69.931
271,9.0560,145.738,308.762,-23.548,-26.891,-140.819
272,9.0894,131.631,160.189,107.498,-98.304,-212.079
273,9.1228,117.523,11.617,238.545,-169.456,-283.173
274,9.1562,117.589,11.539,238.642,-169.475,-213.996
275,9.1896,117.582,11.557,238.623,-169.686,-142.795
276,9.2231,117.426,11.605,238.517,-169.687,-71.383
277,9.2565,117.429,11.642,238.484,-169.687,-0.230
278,9.2899,117.792,11.648,238.622,-169.716,-0.241
279,9.3233,117.762,11.670,238.589,-169.716,-0.030
280,9.3567,117.000,11.553,238.397,-169.687,0.000
281,9.3901,116.964,11.557,238.379,-169.686,0.001
282,9.4236,116.872,11.504,238.392,-169.475,0.241
283,9.4570,117.313,13.295,236.919,-169.456,0.260
284,9.4904,116.664,11.495,238.318,-169.250,0.437
285,9.5238,342.139,63.291,279.391,51.523,221.209
286,9.5572,341.537,63.656,278.819,56.330,225.805
287,9.5906,335.380,64.862,275.288,56.330,225.787
288,9.6241,251.482,506.598,-163.839,56.680,225.930
289,9.6575,340.981,63.992,278.290,56.709,5.186
290,9.6909,341.457,63.956,278.511,56.746,0.415
291,9.7243,341.324,64.080,278.345,56.753,0.423
292,9.7577,341.380,64.118,278.332,56.746,0.066
293,9.7911,338.428,65.038,276.325,56.746,0.037
294,9.8246,176.639,609.469,-287.858,56.746,0.000
295,9.8580,177.837,608.936,-286.896,56.680,-0.073
296,9.8914,180.115,611.732,-288.571,56.680,-0.066
297,9.9248,182.524,614.551,-290.215,56.093,-0.653
298,9.9582,256.911,14.916,290.341,55.787,-0.959
299,9.9916,340.359,64.842,277.264,54.394,-2.286
300,10.0251,339.908,65.118,276.833,51.943,-4.737
301,10.0585,335.302,66.112,274.108,-40.267,-96.359
302,10.0919,28.304,306.519,-67.679,-135.740,-191.527
303,10.1253,27.724,307.757,-69.046,-135.786,-190.180
304,10.1587,27.985,306.315,-67.617,-136.114,-188.056
305,10.1921,23.410,265.106,-31.529,-137.520,-97.253
306,10.2256,23.538,264.608,-31.022,-156.530,-20.789
307,10.2590,23.604,264.353,-30.761,-156.608,-20.822
308,10.2924,27.786,303.205,-64.836,-156.646,-20.532
309,10.3258,22.666,265.404,-32.097,-156.648,-19.128
310,10.3592,22.726,265.647,-32.297,-156.649,-0.119
311,10.3926,23.111,265.502,-32.011,-156.945,-0.337
312,10.4261,23.100,265.537,-32.048,-156.945,-0.300
313,10.4595,22.475,265.428,-32.194,-156.945,-0.298
314,10.4929,22.950,264.611,-31.256,-156.945,-0.297
315,10.5263,22.735,264.855,-31.565,-156.945,0.000
316,10.5597,22.302,264.721,-31.612,-156.649,0.297
317,10.5931,22.379,265.079,-31.911,-156.646,0.300
318,10.6266,44.703,294.450,-50.132,-156.105,0.841
319,10.6600,22.197,269.023,-35.609,-125.780,31.165
320,10.6934,44.602,293.748,-49.527,-125.411,31.238
321,10.7268,21.565,377.012,-135.140,-114.207,42.438
322,10.7602,333.766,67.833,271.922,51.208,207.312
323,10.7937,334.794,67.639,272.504,52.076,177.856
324,10.8271,335.822,67.444,273.087,52.150,177.560
325,10.8605,335.754,67.507,273.003,52.160,166.368
326,10.8939,336.389,67.367,273.382,52.171,0.964
327,10.9273,336.439,67.407,273.365,52.182,0.106
328,10.9607,334.689,68.072,272.065,52.182,0.032
329,10.9942,334.680,68.119,272.018,52.182,0.021
330,11.0276,334.671,68.167,271.971,52.182,0.011
331,11.0610,334.663,68.214,271.924,52.171,-0.011
332,11.0944,334.803,68.130,272.056,52.160,-0.021
333,11.1278,334.942,68.045,272.189,52.150,-0.032
334,11.1612,323.050,91.580,245.874,50.696,-1.485
335,11.1947,311.158,115.114,219.559,49.021,-3.150
336,11.2281,299.266,138.649,193.244,47.345,-4.815
337,11.2615,287.374,162.183,166.928,45.669,-6.480
338,11.2949,275.482,185.718,140.613,43.994,-6.703
339,11.3283,263.590,209.253,114.298,42.318,-6.703
340,11.3617,251.699,232.787,87.983,40.642,-6.703
341,11.3952,239.807,256.322,61.668,38.966,-6.703
342,11.4286,227.915,279.856,35.353,37.291,-6.703
343,11.4620,216.023,303.391,9.038,35.615,-6.703
344,11.4954,204.131,326.925,-17.278,33.939,-6.703
345,11.5288,192.239,350.460,-43.593,32.264,-6.703
346,11.5622,180.347,373.994,-69.908,30.588,-6.703
347,11.5957,168.455,397.529,-96.223,28.912,-6.703
348,11.6291,156.563,421.064,-122.538,27.236,-6.703
349,11.6625,144.671,444.598,-148.853,25.561,-6.703
350,11.6959,132.779,468.133,-175.168,23.885,-6.703
351,11.7293,120.887,491.667,-201.483,22.209,-6.703
352,11.7627,108.995,515.202,-227.799,20.533,-6.703
353,11.7962,97.103,538.736,-254.114,18.858,-6.703
354,11.8296,85.211,562.271,-280.429,17.265,-6.620
355,11.8630,85.011,562.949,-281.131,17.182,-5.027
356,11.8964,82.676,563.164,-282.248,15.202,-5.331
357,11.9298,82.785,561.438,-280.617,14.624,-4.234
358,11.9632,81.551,563.159,-282.685,14.167,-3.098
359,11.9967,81.771,562.457,-281.953,14.092,-3.090
360,12.0301,80.537,563.405,-283.310,13.330,-1.872
361,12.0635,80.605,561.977,-281.971,13.024,-1.600
362,12.0969,80.501,562.710,-282.685,12.832,-1.335
363,12.1303,79.134,564.949,-285.282,12.649,-1.444
364,12.1637,80.289,561.214,-281.393,12.241,-1.089
365,12.1972,78.980,562.565,-283.150,11.569,-1.456
366,12.2306,78.458,562.255,-283.071,11.156,-1.676
367,12.2640,78.359,562.968,-283.766,10.967,-1.682
368,12.2974,77.863,563.238,-284.209,10.806,-1.435
369,12.3308,78.128,562.209,-283.158,10.645,-0.924
370,12.3642,77.256,562.341,-283.622,10.034,-1.122
371,12.3977,76.455,563.106,-284.640,9.896,-1.071
372,12.4311,77.151,562.938,-284.213,9.853,-0.953
373,12.4645,76.029,564.524,-286.112,9.627,-1.018
374,12.4979,76.226,563.227,-284.842,9.460,-0.574
375,12.5313,76.666,563.611,-285.022,9.381,-0.515
376,12.5647,75.367,564.526,-286.374,9.297,-0.555
377,12.5982,75.246,564.281,-286.197,9.226,-0.401
378,12.6316,75.436,564.041,-285.901,9.079,-0.381
379,12.6650,76.050,563.458,-285.123,9.079,-0.302
380,12.6984,76.106,563.721,-285.344,9.079,-0.219
381,12.7318,76.066,562.745,-284.462,9.079,-0.147
382,12.7652,76.546,561.924,-283.519,9.079,0.000
383,12.7987,75.946,562.715,-284.481,9.212,0.133
384,12.8321,75.967,562.717,-284.475,9.226,0.147
385,12.8655,75.695,564.250,-285.991,9.308,0.229
386,12.8989,75.953,564.075,-285.729,9.308,0.229
387,12.9323,76.480,563.259,-284.772,9.308,0.096
388,12.9657,76.266,563.159,-284.764,9.308,0.081
389,12.9992,76.577,563.592,-285.040,9.308,0.000
390,13.0326,76.108,564.690,-286.234,9.308,0.000
391,13.0660,76.103,564.702,-286.247,9.363,0.055
392,13.0994,76.189,562.475,-284.165,9.363,0.055
393,13.1328,76.078,564.033,-285.641,9.335,0.027
394,13.1662,75.911,563.978,-285.656,9.308,0.000
395,13.1997,75.906,563.935,-285.619,9.333,-0.030
396,13.2331,75.277,564.612,-286.488,9.303,-0.059
397,13.2665,75.881,564.200,-285.873,9.293,-0.042
398,13.2999,75.792,563.942,-285.670,9.282,-0.026
