host_s,segment,direction,command_mm_s,record,wheel,target_rpm,actual_rpm,pwm,encoder,yaw_deg,yaw_target_deg,yaw_error_deg
1.5159999999741558,-1,IDLE,0,HDG,,,,,,85.45,93.24,7.79
1.5159999999741558,-1,IDLE,0,WHEEL,FL,0.00,0.00,0,-1068,,,
1.5309999999881256,-1,IDLE,0,WHEEL,FR,0.00,0.00,0,2008,,,
1.5309999999881256,-1,IDLE,0,WHEEL,BL,0.00,0.00,0,2260,,,
1.5309999999881256,-1,IDLE,0,WHEEL,BR,0.00,0.00,0,-962,,,
1.5309999999881256,-1,IDLE,0,HDG,,,,,,85.45,93.24,7.79
1.5309999999881256,-1,IDLE,0,WHEEL,FL,0.00,0.00,0,-1068,,,
1.5309999999881256,-1,IDLE,0,WHEEL,FR,0.00,0.00,0,2008,,,
1.5309999999881256,-1,IDLE,0,WHEEL,BL,0.00,0.00,0,2260,,,
1.5309999999881256,-1,IDLE,0,WHEEL,BR,0.00,0.00,0,-962,,,
1.5309999999881256,-1,IDLE,0,HDG,,,,,,85.45,93.24,7.79
1.5469999999913853,-1,IDLE,0,WHEEL,FL,0.00,0.00,0,-1068,,,
1.5469999999913853,-1,IDLE,0,WHEEL,FR,0.00,0.00,0,2008,,,
1.5469999999913853,-1,IDLE,0,WHEEL,BL,0.00,0.00,0,2260,,,
1.5469999999913853,-1,IDLE,0,WHEEL,BR,0.00,0.00,0,-962,,,
1.5469999999913853,-1,IDLE,0,HDG,,,,,,85.45,85.45,0.00
1.5469999999913853,-1,IDLE,0,WHEEL,FL,0.00,0.00,0,-1068,,,
1.5469999999913853,-1,IDLE,0,WHEEL,FR,0.00,0.00,0,2008,,,
1.5469999999913853,-1,IDLE,0,WHEEL,BL,0.00,0.00,0,2260,,,
1.5469999999913853,-1,IDLE,0,WHEEL,BR,0.00,0.00,0,-962,,,
1.562999999994645,-1,IDLE,0,HDG,,,,,,85.45,85.45,0.00
1.75,0,LEFT,300,WHEEL,FL,0.00,0.00,0,-1068,,,
1.7659999999741558,0,LEFT,300,WHEEL,FR,0.00,0.00,0,2008,,,
1.7659999999741558,0,LEFT,300,WHEEL,BL,0.00,0.00,0,2260,,,
1.7809999999881256,0,LEFT,300,WHEEL,BR,0.00,0.00,0,-962,,,
1.827999999979511,0,LEFT,300,HDG,,,,,,85.45,85.45,0.00
2.0,0,LEFT,300,WHEEL,FL,-45.45,-35.11,-53,-1083,,,
2.0,0,LEFT,300,WHEEL,FR,48.13,33.08,58,2023,,,
2.015999999974156,0,LEFT,300,WHEEL,BL,50.80,35.72,57,2284,,,
2.0469999999913853,0,LEFT,300,WHEEL,BR,-53.48,-44.30,-54,-985,,,
2.077999999979511,0,LEFT,300,HDG,,,,,,85.92,85.45,-0.46
2.23499999998603,0,LEFT,300,WHEEL,FL,-57.30,-50.59,-51,-1145,,,
2.265999999974156,0,LEFT,300,WHEEL,FR,57.30,45.67,57,2081,,,
2.2809999999881256,0,LEFT,300,WHEEL,BL,57.30,58.70,38,2351,,,
2.2809999999881256,0,LEFT,300,WHEEL,BR,-57.30,-49.32,-55,-1050,,,
2.327999999979511,0,LEFT,300,HDG,,,,,,85.53,85.45,-0.08
2.5,0,LEFT,300,WHEEL,FL,-57.30,-55.17,-46,-1211,,,
2.5,0,LEFT,300,WHEEL,FR,57.30,55.26,46,2147,,,
2.515999999974156,0,LEFT,300,WHEEL,BL,57.30,60.71,36,2416,,,
2.5469999999913853,0,LEFT,300,WHEEL,BR,-57.30,-56.45,-46,-1117,,,
2.577999999979511,0,LEFT,300,HDG,,,,,,85.85,85.45,-0.39
2.75,0,LEFT,300,WHEEL,FL,-57.30,-56.67,-45,-1276,,,
2.765999999974156,0,LEFT,300,WHEEL,FR,57.30,55.07,47,2210,,,
2.7809999999881256,0,LEFT,300,WHEEL,BL,57.30,52.45,47,2483,,,
2.7809999999881256,0,LEFT,300,WHEEL,BR,-57.30,-49.75,-55,-1183,,,
2.827999999979511,0,LEFT,300,HDG,,,,,,85.90,85.45,-0.45
3.0,0,LEFT,300,WHEEL,FL,-57.30,-49.00,-56,-1342,,,
3.0,0,LEFT,300,WHEEL,FR,57.30,55.06,48,2276,,,
3.015999999974156,0,LEFT,300,WHEEL,BL,57.30,54.50,45,2551,,,
3.0469999999913853,0,LEFT,300,WHEEL,BR,-59.97,-53.02,-56,-1251,,,
3.077999999979511,0,LEFT,300,HDG,,,,,,85.90,85.45,-0.44
3.25,0,LEFT,300,WHEEL,FL,-57.30,-48.66,-57,-1409,,,
3.265999999974156,0,LEFT,300,WHEEL,FR,57.30,56.31,47,2339,,,
3.2809999999881256,0,LEFT,300,WHEEL,BL,57.30,56.58,43,2616,,,
3.2809999999881256,0,LEFT,300,WHEEL,BR,-57.30,-51.70,-54,-1317,,,
3.327999999979511,0,LEFT,300,HDG,,,,,,85.72,85.45,-0.27
3.5,0,LEFT,300,WHEEL,FL,-57.30,-53.01,-52,-1474,,,
3.5,0,LEFT,300,WHEEL,FR,57.30,53.40,51,2407,,,
3.515999999974156,0,LEFT,300,WHEEL,BL,57.30,64.97,32,2688,,,
3.5469999999913853,0,LEFT,300,WHEEL,BR,-59.97,-51.53,-59,-1386,,,
3.577999999979511,0,LEFT,300,HDG,,,,,,86.01,85.45,-0.56
3.75,0,LEFT,300,WHEEL,FL,-57.30,-59.61,-44,-1543,,,
3.765999999974156,0,LEFT,300,WHEEL,FR,57.30,49.98,56,2477,,,
3.7809999999881256,0,LEFT,300,WHEEL,BL,57.30,55.58,45,2757,,,
3.7809999999881256,0,LEFT,300,WHEEL,BR,-57.30,-57.16,-48,-1455,,,
3.827999999979511,0,LEFT,300,HDG,,,,,,85.87,85.45,-0.41
4.0,0,LEFT,300,WHEEL,FL,0.00,-12.87,0,-1588,,,
4.0,0,LEFT,300,WHEEL,FR,0.00,3.36,0,2512,,,
4.015999999974156,0,LEFT,300,WHEEL,BL,0.00,1.42,0,2790,,,
4.015999999974156,0,LEFT,300,WHEEL,BR,0.00,-2.99,0,-1495,,,
4.062999999994645,0,LEFT,300,HDG,,,,,,85.63,85.45,-0.18
4.25,0,LEFT,300,WHEEL,FL,0.00,-0.00,0,-1587,,,
4.265999999974156,0,LEFT,300,WHEEL,FR,0.00,0.00,0,2512,,,
4.265999999974156,0,LEFT,300,WHEEL,BL,0.00,0.00,0,2790,,,
4.280999999988126,0,LEFT,300,WHEEL,BR,0.00,-0.00,0,-1495,,,
4.327999999979511,0,LEFT,300,HDG,,,,,,85.67,85.45,-0.22
4.5,0,LEFT,300,WHEEL,FL,0.00,-0.00,0,-1587,,,
4.5,0,LEFT,300,WHEEL,FR,0.00,0.00,0,2512,,,
4.515999999974156,0,LEFT,300,WHEEL,BL,0.00,0.00,0,2790,,,
4.515999999974156,0,LEFT,300,WHEEL,BR,0.00,-0.00,0,-1495,,,
4.562999999994645,1,RIGHT,300,HDG,,,,,,85.68,85.45,-0.23
4.75,1,RIGHT,300,WHEEL,FL,21.39,5.73,56,-1585,,,
4.765999999974156,1,RIGHT,300,WHEEL,FR,-21.39,-7.94,-52,2510,,,
4.765999999974156,1,RIGHT,300,WHEEL,BL,-24.06,-9.04,-57,2787,,,
4.780999999988126,1,RIGHT,300,WHEEL,BR,26.74,17.28,47,-1490,,,
4.827999999979511,1,RIGHT,300,HDG,,,,,,85.80,85.68,-0.12
5.0,1,RIGHT,300,WHEEL,FL,57.30,58.78,43,-1535,,,
5.0,1,RIGHT,300,WHEEL,FR,-57.30,-60.31,-39,2451,,,
5.015999999974156,1,RIGHT,300,WHEEL,BL,-57.30,-48.65,-57,2731,,,
5.046999999991385,1,RIGHT,300,WHEEL,BR,57.30,47.40,55,-1431,,,
5.062999999994645,1,RIGHT,300,HDG,,,,,,85.84,85.68,-0.17
5.25,1,RIGHT,300,WHEEL,FL,0.00,23.70,0,-1480,,,
5.265999999974156,1,RIGHT,300,WHEEL,FR,0.00,-1.53,0,2406,,,
5.265999999974156,1,RIGHT,300,WHEEL,BL,0.00,-1.57,0,2685,,,
5.280999999988126,1,RIGHT,300,WHEEL,BR,0.00,14.63,0,-1382,,,
5.327999999979511,1,RIGHT,300,HDG,,,,,,86.10,85.68,-0.43
5.5,1,RIGHT,300,WHEEL,FL,29.41,11.55,61,-1472,,,
5.515999999974156,1,RIGHT,300,WHEEL,FR,-29.41,-16.18,-53,2405,,,
5.530999999988126,1,RIGHT,300,WHEEL,BL,-32.09,-22.13,-53,2678,,,
5.546999999991385,1,RIGHT,300,WHEEL,BR,34.76,21.37,54,-1371,,,
5.577999999979511,1,RIGHT,300,HDG,,,,,,86.63,86.23,-0.40
5.765999999974156,1,RIGHT,300,WHEEL,FL,57.30,53.15,51,-1417,,,
5.765999999974156,1,RIGHT,300,WHEEL,FR,-57.30,-59.03,-41,2343,,,
5.780999999988126,1,RIGHT,300,WHEEL,BL,-57.30,-41.27,-67,2621,,,
5.796999999991385,1,RIGHT,300,WHEEL,BR,57.30,51.54,49,-1311,,,
5.827999999979511,1,RIGHT,300,HDG,,,,,,86.55,86.23,-0.32
6.0,1,RIGHT,300,WHEEL,FL,0.00,13.97,0,-1366,,,
6.030999999988126,1,RIGHT,300,WHEEL,FR,0.00,-6.39,0,2307,,,
6.030999999988126,1,RIGHT,300,WHEEL,BL,0.00,-4.37,0,2579,,,
6.046999999991385,1,RIGHT,300,WHEEL,BR,0.00,7.55,0,-1266,,,
6.077999999979511,1,RIGHT,300,HDG,,,,,,86.41,86.23,-0.18
6.265999999974156,1,RIGHT,300,WHEEL,FL,24.06,3.34,63,-1363,,,
6.280999999988126,1,RIGHT,300,WHEEL,FR,-26.74,-16.94,-48,2302,,,
6.280999999988126,1,RIGHT,300,WHEEL,BL,-29.41,-15.57,-57,2574,,,
6.296999999991385,1,RIGHT,300,WHEEL,BR,32.09,20.37,51,-1259,,,
6.3439999999827705,1,RIGHT,300,HDG,,,,,,86.69,86.40,-0.29
6.530999999988126,1,RIGHT,300,WHEEL,FL,57.30,60.43,41,-1310,,,
6.530999999988126,1,RIGHT,300,WHEEL,FR,-57.30,-45.92,-58,2250,,,
6.546999999991385,1,RIGHT,300,WHEEL,BL,-57.30,-51.45,-54,2519,,,
6.546999999991385,1,RIGHT,300,WHEEL,BR,57.30,54.61,46,-1199,,,
6.577999999979511,1,RIGHT,300,HDG,,,,,,86.66,86.40,-0.25
6.780999999988126,1,RIGHT,300,WHEEL,FL,0.00,13.90,0,-1258,,,
6.796999999991385,1,RIGHT,300,WHEEL,FR,0.00,-14.17,0,2202,,,
6.796999999991385,1,RIGHT,300,WHEEL,BL,0.00,-10.42,0,2472,,,
6.827999999979511,1,RIGHT,300,WHEEL,BR,0.00,11.18,0,-1155,,,
6.85999999998603,1,RIGHT,300,HDG,,,,,,86.78,86.64,-0.14
7.030999999988126,1,RIGHT,300,WHEEL,FL,0.00,-0.00,0,-1258,,,
7.046999999991385,1,RIGHT,300,WHEEL,FR,0.00,0.03,0,2202,,,
7.046999999991385,1,RIGHT,300,WHEEL,BL,0.00,0.13,0,2472,,,
7.062999999994645,1,RIGHT,300,WHEEL,BR,0.00,0.00,0,-1155,,,
7.077999999979511,1,RIGHT,300,HDG,,,,,,86.86,86.64,-0.22
7.265999999974156,1,RIGHT,300,WHEEL,FL,0.00,-0.00,0,-1258,,,
7.280999999988126,1,RIGHT,300,WHEEL,FR,0.00,0.00,0,2202,,,
7.280999999988126,1,RIGHT,300,WHEEL,BL,0.00,0.00,0,2472,,,
7.296999999991385,1,RIGHT,300,WHEEL,BR,0.00,0.00,0,-1155,,,
7.3439999999827705,1,RIGHT,300,HDG,,,,,,86.85,86.64,-0.21
7.5,1,RIGHT,300,WHEEL,FL,0.00,-0.00,0,-1258,,,
7.530999999988126,1,RIGHT,300,WHEEL,FR,0.00,0.00,0,2202,,,
7.530999999988126,1,RIGHT,300,WHEEL,BL,0.00,0.00,0,2472,,,
7.546999999991385,1,RIGHT,300,WHEEL,BR,0.00,0.00,0,-1155,,,
7.577999999979511,1,RIGHT,300,HDG,,,,,,86.86,86.64,-0.22
7.75,1,RIGHT,300,WHEEL,FL,0.00,-0.00,0,-1258,,,
7.765999999974156,1,RIGHT,300,WHEEL,FR,0.00,0.00,0,2202,,,
7.765999999974156,1,RIGHT,300,WHEEL,BL,0.00,0.00,0,2472,,,
7.780999999988126,1,RIGHT,300,WHEEL,BR,0.00,0.00,0,-1155,,,
7.827999999979511,2,LEFT,400,HDG,,,,,,86.85,86.64,-0.21
8.0,2,LEFT,400,WHEEL,FL,-24.06,-4.12,-60,-1260,,,
8.030999999988126,2,LEFT,400,WHEEL,FR,26.74,4.81,62,2204,,,
8.030999999988126,2,LEFT,400,WHEEL,BL,29.41,22.22,42,2478,,,
8.046999999991385,2,LEFT,400,WHEEL,BR,-32.09,-21.26,-52,-1162,,,
8.077999999979511,2,LEFT,400,HDG,,,,,,86.74,86.86,0.12
8.265999999974156,2,LEFT,400,WHEEL,FL,-76.39,-70.74,-54,-1322,,,
8.265999999974156,2,LEFT,400,WHEEL,FR,76.39,68.49,56,2262,,,
8.280999999988126,2,LEFT,400,WHEEL,BL,76.39,72.70,49,2549,,,
8.312999999994645,2,LEFT,400,WHEEL,BR,-76.39,-72.10,-54,-1228,,,
8.327999999979511,2,LEFT,400,HDG,,,,,,86.96,86.86,-0.11
8.530999999988126,2,LEFT,400,WHEEL,FL,-2.67,-28.50,5,-1398,,,
8.546999999991385,2,LEFT,400,WHEEL,FR,5.35,17.74,12,2332,,,
8.546999999991385,2,LEFT,400,WHEEL,BL,8.02,19.68,11,2617,,,
8.562999999994645,2,LEFT,400,WHEEL,BR,-10.70,-9.81,-33,-1295,,,
8.60999999998603,2,LEFT,400,HDG,,,,,,87.11,86.82,-0.29
8.765999999974156,2,LEFT,400,WHEEL,FL,-60.89,-42.98,-65,-1432,,,
8.780999999988126,2,LEFT,400,WHEEL,FR,63.56,50.38,59,2367,,,
8.812999999994645,2,LEFT,400,WHEEL,BL,67.84,67.94,40,2664,,,
8.812999999994645,2,LEFT,400,WHEEL,BR,-67.84,-55.00,-62,-1334,,,
8.84399999998277,2,LEFT,400,HDG,,,,,,87.18,86.82,-0.37
9.030999999988126,2,LEFT,400,WHEEL,FL,-76.39,-63.93,-63,-1515,,,
9.046999999991385,2,LEFT,400,WHEEL,FR,0.00,84.30,0,2450,,,
9.046999999991385,2,LEFT,400,WHEEL,BL,0.00,54.89,0,2747,,,
9.062999999994645,2,LEFT,400,WHEEL,BR,0.00,-53.08,0,-1421,,,
9.10999999998603,2,LEFT,400,HDG,,,,,,87.00,86.82,-0.18
9.265999999974156,2,LEFT,400,WHEEL,FL,0.00,-0.23,0,-1538,,,
9.280999999988126,2,LEFT,400,WHEEL,FR,0.00,-0.16,0,2459,,,
9.280999999988126,2,LEFT,400,WHEEL,BL,0.00,-0.03,0,2750,,,
9.312999999994645,2,LEFT,400,WHEEL,BR,0.00,-0.07,0,-1431,,,
9.34399999998277,2,LEFT,400,HDG,,,,,,87.30,86.82,-0.48
9.530999999988126,2,LEFT,400,WHEEL,FL,-21.39,-5.04,-54,-1540,,,
9.546999999991385,2,LEFT,400,WHEEL,FR,24.06,10.24,50,2463,,,
9.546999999991385,2,LEFT,400,WHEEL,BL,26.74,19.08,41,2756,,,
9.562999999994645,2,LEFT,400,WHEEL,BR,-29.41,-21.10,-48,-1437,,,
9.60999999998603,2,LEFT,400,HDG,,,,,,87.37,87.30,-0.07
9.780999999988126,2,LEFT,400,WHEEL,FL,-76.39,-72.64,-51,-1603,,,
9.780999999988126,2,LEFT,400,WHEEL,FR,76.39,80.41,39,2528,,,
9.812999999994645,2,LEFT,400,WHEEL,BL,76.39,70.73,50,2831,,,
9.812999999994645,2,LEFT,400,WHEEL,BR,-76.39,-79.96,-43,-1504,,,
9.84399999998277,2,LEFT,400,HDG,,,,,,87.51,87.30,-0.21
10.030999999988126,2,LEFT,400,WHEEL,FL,0.00,-37.51,0,-1677,,,
10.046999999991385,2,LEFT,400,WHEEL,FR,0.00,3.02,0,2579,,,
10.046999999991385,2,LEFT,400,WHEEL,BL,0.00,3.83,0,2889,,,
10.062999999994645,2,LEFT,400,WHEEL,BR,0.00,-21.06,0,-1568,,,
10.10999999998603,2,LEFT,400,HDG,,,,,,87.50,87.30,-0.20
10.265999999974156,2,LEFT,400,WHEEL,FL,0.00,-0.01,0,-1682,,,
10.280999999988126,2,LEFT,400,WHEEL,FR,0.00,0.00,0,2579,,,
10.280999999988126,2,LEFT,400,WHEEL,BL,0.00,0.00,0,2888,,,
10.312999999994645,2,LEFT,400,WHEEL,BR,0.00,-0.00,0,-1570,,,
10.34399999998277,2,LEFT,400,HDG,,,,,,87.46,87.30,-0.16
10.515999999974156,2,LEFT,400,WHEEL,FL,0.00,-0.00,0,-1682,,,
10.530999999988126,2,LEFT,400,WHEEL,FR,0.00,0.00,0,2579,,,
10.530999999988126,2,LEFT,400,WHEEL,BL,0.00,0.00,0,2888,,,
10.546999999991385,2,LEFT,400,WHEEL,BR,0.00,-0.00,0,-1570,,,
10.59399999998277,2,LEFT,400,HDG,,,,,,87.46,87.30,-0.17
10.75,2,LEFT,400,WHEEL,FL,0.00,-0.00,0,-1682,,,
10.765999999974156,2,LEFT,400,WHEEL,FR,0.00,0.00,0,2579,,,
10.765999999974156,2,LEFT,400,WHEEL,BL,0.00,0.00,0,2888,,,
10.780999999988126,2,LEFT,400,WHEEL,BR,0.00,-0.00,0,-1570,,,
10.827999999979511,2,LEFT,400,HDG,,,,,,87.47,87.30,-0.17
10.98499999998603,2,LEFT,400,WHEEL,FL,0.00,-0.00,0,-1682,,,
11.0,2,LEFT,400,WHEEL,FR,0.00,0.00,0,2579,,,
11.015999999974156,2,LEFT,400,WHEEL,BL,0.00,0.00,0,2888,,,
11.030999999988126,2,LEFT,400,WHEEL,BR,0.00,-0.00,0,-1570,,,
11.062999999994645,2,LEFT,400,HDG,,,,,,87.48,87.30,-0.18
11.25,2,LEFT,400,WHEEL,FL,0.00,-0.00,0,-1682,,,
11.265999999974156,2,LEFT,400,WHEEL,FR,0.00,0.00,0,2579,,,
11.265999999974156,2,LEFT,400,WHEEL,BL,0.00,0.00,0,2888,,,
11.280999999988126,2,LEFT,400,WHEEL,BR,0.00,-0.00,0,-1570,,,
11.327999999979511,2,LEFT,400,HDG,,,,,,87.48,87.30,-0.18
11.5,2,LEFT,400,WHEEL,FL,0.00,-0.00,0,-1682,,,
11.515999999974156,2,LEFT,400,WHEEL,FR,0.00,0.00,0,2579,,,
11.530999999988126,2,LEFT,400,WHEEL,BL,0.00,0.00,0,2888,,,
11.530999999988126,2,LEFT,400,WHEEL,BR,0.00,-0.00,0,-1570,,,
11.562999999994645,2,LEFT,400,HDG,,,,,,87.48,87.48,0.00
11.75,2,LEFT,400,WHEEL,FL,0.00,-0.00,0,-1682,,,
11.765999999974156,2,LEFT,400,WHEEL,FR,0.00,0.00,0,2579,,,
11.765999999974156,2,LEFT,400,WHEEL,BL,0.00,0.00,0,2888,,,
11.780999999988126,2,LEFT,400,WHEEL,BR,0.00,-0.00,0,-1570,,,
11.827999999979511,2,LEFT,400,HDG,,,,,,87.48,87.48,-0.00
12.015999999974156,2,LEFT,400,WHEEL,FL,0.00,-0.00,0,-1682,,,
12.015999999974156,2,LEFT,400,WHEEL,FR,0.00,0.00,0,2579,,,
12.030999999988126,2,LEFT,400,WHEEL,BL,0.00,0.00,0,2888,,,
12.030999999988126,2,LEFT,400,WHEEL,BR,0.00,-0.00,0,-1570,,,
12.077999999979511,3,RIGHT,400,HDG,,,,,,87.47,87.48,0.01
12.25,3,RIGHT,400,WHEEL,FL,18.72,2.77,55,-1681,,,
12.265999999974156,3,RIGHT,400,WHEEL,FR,-21.39,-1.80,-60,2578,,,
12.265999999974156,3,RIGHT,400,WHEEL,BL,-24.06,-10.41,-56,2885,,,
12.280999999988126,3,RIGHT,400,WHEEL,BR,26.74,14.96,50,-1566,,,
12.327999999979511,3,RIGHT,400,HDG,,,,,,87.61,87.47,-0.15
12.515999999974156,3,RIGHT,400,WHEEL,FL,81.20,66.57,70,-1625,,,
12.530999999988126,3,RIGHT,400,WHEEL,FR,-80.23,-64.31,-69,2514,,,
12.546999999991385,3,RIGHT,400,WHEEL,BL,-72.90,-70.53,-53,2820,,,
12.546999999991385,3,RIGHT,400,WHEEL,BR,72.90,69.90,49,-1496,,,
12.59399999998277,3,RIGHT,400,HDG,,,,,,88.05,87.47,-0.59
12.765999999974156,3,RIGHT,400,WHEEL,FL,76.39,75.34,52,-1532,,,
12.765999999974156,3,RIGHT,400,WHEEL,FR,-76.39,-76.20,-49,2428,,,
12.780999999988126,3,RIGHT,400,WHEEL,BL,-76.39,-79.04,-48,2733,,,
12.812999999994645,3,RIGHT,400,WHEEL,BR,76.39,76.35,47,-1409,,,
12.84399999998277,3,RIGHT,400,HDG,,,,,,87.75,87.47,-0.29
13.015999999974156,3,RIGHT,400,WHEEL,FL,76.39,76.78,50,-1445,,,
13.030999999988126,3,RIGHT,400,WHEEL,FR,-76.39,-65.46,-64,2341,,,
13.046999999991385,3,RIGHT,400,WHEEL,BL,-76.39,-70.98,-59,2641,,,
13.046999999991385,3,RIGHT,400,WHEEL,BR,76.39,81.60,41,-1316,,,
13.09399999998277,3,RIGHT,400,HDG,,,,,,87.59,87.47,-0.12
13.265999999974156,3,RIGHT,400,WHEEL,FL,0.00,-0.01,0,-1403,,,
13.265999999974156,3,RIGHT,400,WHEEL,FR,0.00,-0.40,0,2307,,,
13.296999999991385,3,RIGHT,400,WHEEL,BL,0.00,5.42,0,2608,,,
13.312999999994645,3,RIGHT,400,WHEEL,BR,0.00,1.16,0,-1284,,,
13.327999999979511,3,RIGHT,400,HDG,,,,,,88.24,87.47,-0.77
13.530999999988126,3,RIGHT,400,WHEEL,FL,2.67,-0.00,34,-1403,,,
13.530999999988126,3,RIGHT,400,WHEEL,FR,-5.35,-0.00,-37,2307,,,
13.546999999991385,3,RIGHT,400,WHEEL,BL,-5.35,0.00,-40,2608,,,
13.562999999994645,3,RIGHT,400,WHEEL,BR,8.02,0.00,40,-1283,,,
13.59399999998277,3,RIGHT,400,HDG,,,,,,88.18,88.18,-0.00
13.765999999974156,3,RIGHT,400,WHEEL,FL,61.50,47.54,64,-1373,,,
13.780999999988126,3,RIGHT,400,WHEEL,FR,-64.17,-57.97,-53,2272,,,
13.796999999991385,3,RIGHT,400,WHEEL,BL,-63.52,-53.73,-60,2569,,,
13.812999999994645,3,RIGHT,400,WHEEL,BR,65.29,57.87,53,-1239,,,
13.84399999998277,3,RIGHT,400,HDG,,,,,,88.76,88.18,-0.58
14.030999999988126,3,RIGHT,400,WHEEL,FL,76.39,72.34,55,-1284,,,
14.030999999988126,3,RIGHT,400,WHEEL,FR,-76.39,-73.49,-53,2187,,,
14.046999999991385,3,RIGHT,400,WHEEL,BL,-76.39,-71.80,-58,2488,,,
14.062999999994645,3,RIGHT,400,WHEEL,BR,76.39,64.84,62,-1154,,,
14.09399999998277,3,RIGHT,400,HDG,,,,,,88.56,88.18,-0.38
14.265999999974156,3,RIGHT,400,WHEEL,FL,76.39,74.40,53,-1192,,,
14.296999999991385,3,RIGHT,400,WHEEL,FR,-76.39,-70.49,-57,2102,,,
14.312999999994645,3,RIGHT,400,WHEEL,BL,0.00,-63.94,0,2397,,,
14.312999999994645,3,RIGHT,400,WHEEL,BR,0.00,62.21,0,-1061,,,
14.375,3,RIGHT,400,HDG,,,,,,88.52,88.48,-0.04
14.530999999988126,3,RIGHT,400,WHEEL,FL,0.00,0.23,0,-1178,,,
14.546999999991385,3,RIGHT,400,WHEEL,FR,0.00,-0.72,0,2075,,,
14.546999999991385,3,RIGHT,400,WHEEL,BL,0.00,-0.01,0,2388,,,
14.562999999994645,3,RIGHT,400,WHEEL,BR,0.00,0.04,0,-1050,,,
14.60999999998603,3,RIGHT,400,HDG,,,,,,88.09,88.48,0.39
14.765999999974156,3,RIGHT,400,WHEEL,FL,0.00,-6.58,0,-1178,,,
14.796999999991385,3,RIGHT,400,WHEEL,FR,0.00,-0.00,0,2075,,,
14.796999999991385,3,RIGHT,400,WHEEL,BL,0.00,-0.00,0,2388,,,
14.812999999994645,3,RIGHT,400,WHEEL,BR,0.00,0.00,0,-1050,,,
14.84399999998277,3,RIGHT,400,HDG,,,,,,88.08,88.48,0.40
15.030999999988126,3,RIGHT,400,WHEEL,FL,0.00,-0.00,0,-1178,,,
15.030999999988126,3,RIGHT,400,WHEEL,FR,0.00,-0.00,0,2075,,,
15.046999999991385,3,RIGHT,400,WHEEL,BL,0.00,-0.00,0,2388,,,
15.046999999991385,3,RIGHT,400,WHEEL,BR,0.00,0.00,0,-1050,,,
15.09399999998277,3,RIGHT,400,HDG,,,,,,88.09,88.48,0.40
15.265999999974156,3,RIGHT,400,WHEEL,FL,0.00,-0.00,0,-1178,,,
15.265999999974156,3,RIGHT,400,WHEEL,FR,0.00,-0.00,0,2075,,,
15.296999999991385,3,RIGHT,400,WHEEL,BL,0.00,-0.00,0,2388,,,
15.296999999991385,3,RIGHT,400,WHEEL,BR,0.00,0.00,0,-1050,,,
15.327999999979511,3,RIGHT,400,HDG,,,,,,88.09,88.48,0.39
15.515999999974156,3,RIGHT,400,WHEEL,FL,0.00,-0.00,0,-1178,,,
15.515999999974156,3,RIGHT,400,WHEEL,FR,0.00,-0.00,0,2075,,,
15.530999999988126,3,RIGHT,400,WHEEL,BL,0.00,-0.00,0,2388,,,
15.530999999988126,3,RIGHT,400,WHEEL,BR,0.00,0.00,0,-1050,,,
15.577999999979511,3,RIGHT,400,HDG,,,,,,88.09,88.48,0.39
15.75,4,LEFT,500,WHEEL,FL,-5.35,-0.00,-36,-1178,,,
15.765999999974156,4,LEFT,500,WHEEL,FR,8.02,4.49,33,2076,,,
15.765999999974156,4,LEFT,500,WHEEL,BL,8.02,4.49,31,2389,,,
15.796999999991385,4,LEFT,500,WHEEL,BR,-10.70,-4.15,-41,-1051,,,
15.827999999979511,4,LEFT,500,HDG,,,,,,88.09,88.10,0.01
16.015999999974156,4,LEFT,500,WHEEL,FL,-66.85,-55.41,-59,-1215,,,
16.015999999974156,4,LEFT,500,WHEEL,FR,66.85,59.29,53,2109,,,
16.030999999988126,4,LEFT,500,WHEEL,BL,69.52,64.49,48,2434,,,
16.046999999991385,4,LEFT,500,WHEEL,BR,-72.19,-59.69,-63,-1095,,,
16.07799999997951,4,LEFT,500,HDG,,,,,,88.64,88.10,-0.54
16.265999999974156,4,LEFT,500,WHEEL,FL,0.00,-82.68,0,-1316,,,
16.265999999974156,4,LEFT,500,WHEEL,FR,0.00,79.14,0,2207,,,
16.296999999991385,4,LEFT,500,WHEEL,BL,0.00,66.36,0,2542,,,
16.312999999994645,4,LEFT,500,WHEEL,BR,-2.67,-56.90,41,-1202,,,
16.34399999998277,4,LEFT,500,HDG,,,,,,88.53,88.50,-0.03
16.530999999988126,4,LEFT,500,WHEEL,FL,-58.82,-40.34,-64,-1360,,,
16.530999999988126,4,LEFT,500,WHEEL,FR,61.50,41.09,67,2240,,,
16.546999999991385,4,LEFT,500,WHEEL,BL,64.17,55.72,50,2587,,,
16.546999999991385,4,LEFT,500,WHEEL,BR,-66.85,-54.71,-60,-1242,,,
16.59399999998277,4,LEFT,500,HDG,,,,,,89.07,88.50,-0.57
16.765999999974156,4,LEFT,500,WHEEL,FL,-90.77,-77.61,-65,-1457,,,
16.796999999991385,4,LEFT,500,WHEEL,FR,90.77,76.47,67,2326,,,
16.796999999991385,4,LEFT,500,WHEEL,BL,98.99,96.55,51,2691,,,
16.812999999994645,4,LEFT,500,WHEEL,BR,-98.99,-89.42,-65,-1346,,,
16.85999999998603,4,LEFT,500,HDG,,,,,,89.08,88.50,-0.58
17.015999999974156,4,LEFT,500,WHEEL,FL,0.00,-8.83,0,-1515,,,
17.015999999974156,4,LEFT,500,WHEEL,FR,0.00,5.60,0,2376,,,
17.030999999988126,4,LEFT,500,WHEEL,BL,0.00,3.02,0,2748,,,
17.030999999988126,4,LEFT,500,WHEEL,BR,0.00,-0.12,0,-1386,,,
17.07799999997951,4,LEFT,500,HDG,,,,,,89.11,88.50,-0.62
17.25,4,LEFT,500,WHEEL,FL,0.00,0.01,0,-1514,,,
17.25,4,LEFT,500,WHEEL,FR,0.00,0.00,0,2376,,,
17.265999999974156,4,LEFT,500,WHEEL,BL,0.00,0.00,0,2749,,,
17.265999999974156,4,LEFT,500,WHEEL,BR,0.00,-0.00,0,-1386,,,
17.312999999994645,4,LEFT,500,HDG,,,,,,89.10,88.50,-0.61
17.5,4,LEFT,500,WHEEL,FL,0.00,0.00,0,-1514,,,
17.5,4,LEFT,500,WHEEL,FR,0.00,0.00,0,2376,,,
17.515999999974156,4,LEFT,500,WHEEL,BL,0.00,0.00,0,2749,,,
17.515999999974156,4,LEFT,500,WHEEL,BR,0.00,-0.00,0,-1386,,,
17.546999999991385,4,LEFT,500,HDG,,,,,,89.09,88.50,-0.59
17.73499999998603,4,LEFT,500,WHEEL,FL,0.00,0.00,0,-1514,,,
17.75,4,LEFT,500,WHEEL,FR,0.00,0.00,0,2376,,,
17.75,4,LEFT,500,WHEEL,BL,0.00,0.00,0,2749,,,
17.765999999974156,4,LEFT,500,WHEEL,BR,0.00,-0.00,0,-1386,,,
17.812999999994645,4,LEFT,500,HDG,,,,,,89.09,89.09,0.00
18.0,4,LEFT,500,WHEEL,FL,0.00,0.00,0,-1514,,,
18.0,4,LEFT,500,WHEEL,FR,0.00,0.00,0,2376,,,
18.015999999974156,4,LEFT,500,WHEEL,BL,0.00,0.00,0,2749,,,
18.015999999974156,4,LEFT,500,WHEEL,BR,0.00,-0.00,0,-1386,,,
18.046999999991385,4,LEFT,500,HDG,,,,,,89.09,89.09,-0.00
18.23499999998603,4,LEFT,500,WHEEL,FL,0.00,0.00,0,-1514,,,
18.25,4,LEFT,500,WHEEL,FR,0.00,0.00,0,2376,,,
18.25,4,LEFT,500,WHEEL,BL,0.00,0.00,0,2749,,,
18.265999999974156,4,LEFT,500,WHEEL,BR,0.00,-0.00,0,-1386,,,
18.312999999994645,4,LEFT,500,HDG,,,,,,89.09,89.09,-0.00
18.46899999998277,4,LEFT,500,WHEEL,FL,0.00,0.00,0,-1514,,,
18.5,4,LEFT,500,WHEEL,FR,0.00,0.00,0,2376,,,
18.515999999974156,4,LEFT,500,WHEEL,BL,0.00,0.00,0,2749,,,
18.515999999974156,4,LEFT,500,WHEEL,BR,0.00,-0.00,0,-1386,,,
18.546999999991385,4,LEFT,500,HDG,,,,,,89.09,89.09,-0.00
18.71899999998277,4,LEFT,500,WHEEL,FL,0.00,0.00,0,-1514,,,
18.73499999998603,4,LEFT,500,WHEEL,FR,0.00,0.00,0,2376,,,
18.73499999998603,4,LEFT,500,WHEEL,BL,0.00,0.00,0,2749,,,
18.75,5,RIGHT,500,WHEEL,BR,0.00,-0.00,0,-1386,,,
18.796999999991385,5,RIGHT,500,HDG,,,,,,89.09,89.09,-0.01
18.96899999998277,5,RIGHT,500,WHEEL,FL,34.76,14.78,65,-1508,,,
19.0,5,RIGHT,500,WHEEL,FR,-37.43,-28.40,-50,2366,,,
19.015999999974156,5,RIGHT,500,WHEEL,BL,-40.11,-30.22,-55,2738,,,
19.015999999974156,5,RIGHT,500,WHEEL,BR,42.78,36.51,46,-1372,,,
19.046999999991385,5,RIGHT,500,HDG,,,,,,89.35,89.09,-0.26
19.23499999998603,5,RIGHT,500,WHEEL,FL,90.85,81.49,65,-1437,,,
19.25,5,RIGHT,500,WHEEL,FR,-92.61,-90.55,-54,2293,,,
19.280999999988126,5,RIGHT,500,WHEEL,BL,-93.80,-69.69,-87,2666,,,
19.280999999988126,5,RIGHT,500,WHEEL,BR,95.49,88.57,60,-1290,,,
19.312999999994645,5,RIGHT,500,HDG,,,,,,89.46,89.09,-0.37
19.5,5,RIGHT,500,WHEEL,FL,95.49,84.91,69,-1325,,,
19.5,5,RIGHT,500,WHEEL,FR,-95.49,-93.24,-57,2187,,,
19.515999999974156,5,RIGHT,500,WHEEL,BL,-95.49,-91.23,-62,2552,,,
19.530999999988126,5,RIGHT,500,WHEEL,BR,95.49,94.65,52,-1175,,,
19.57799999997951,5,RIGHT,500,HDG,,,,,,89.20,89.09,-0.11
19.73499999998603,5,RIGHT,500,WHEEL,FL,95.49,91.48,61,-1207,,,
19.75,5,RIGHT,500,WHEEL,FR,-95.49,-87.88,-65,2073,,,
19.780999999988126,5,RIGHT,500,WHEEL,BL,-95.49,-96.80,-55,2433,,,
19.780999999988126,5,RIGHT,500,WHEEL,BR,95.49,98.95,47,-1061,,,
19.812999999994645,5,RIGHT,500,HDG,,,,,,89.00,89.09,0.10
20.015999999974156,5,RIGHT,500,WHEEL,FL,45.45,24.06,68,-1161,,,
20.015999999974156,5,RIGHT,500,WHEEL,FR,-48.13,-36.66,-53,2025,,,
20.030999999988126,5,RIGHT,500,WHEEL,BL,-47.07,-27.21,-68,2396,,,
20.046999999991385,5,RIGHT,500,WHEEL,BR,49.45,39.97,50,-1013,,,
20.07799999997951,5,RIGHT,500,HDG,,,,,,89.65,88.96,-0.69
20.25,5,RIGHT,500,WHEEL,FL,95.49,80.68,73,-1078,,,
20.280999999988126,5,RIGHT,500,WHEEL,FR,-95.49,-86.95,-62,1940,,,
20.296999999991385,5,RIGHT,500,WHEEL,BL,-95.49,-91.45,-60,2314,,,
20.296999999991385,5,RIGHT,500,WHEEL,BR,95.49,91.48,54,-925,,,
20.32799999997951,5,RIGHT,500,HDG,,,,,,89.07,88.96,-0.12
20.515999999974156,5,RIGHT,500,WHEEL,FL,95.49,95.18,55,-964,,,
20.515999999974156,5,RIGHT,500,WHEEL,FR,-95.49,-89.28,-60,1832,,,
20.530999999988126,5,RIGHT,500,WHEEL,BL,-95.49,-107.12,-40,2197,,,
20.562999999994645,5,RIGHT,500,WHEEL,BR,95.49,91.65,55,-812,,,
20.57799999997951,5,RIGHT,500,HDG,,,,,,89.42,88.96,-0.46
20.780999999988126,5,RIGHT,500,WHEEL,FL,5.35,41.17,-16,-863,,,
20.796999999991385,5,RIGHT,500,WHEEL,FR,-8.02,-35.13,6,1731,,,
20.796999999991385,5,RIGHT,500,WHEEL,BL,-8.02,-26.93,-8,2103,,,
20.812999999994645,5,RIGHT,500,WHEEL,BR,10.70,28.81,6,-717,,,
20.85999999998603,5,RIGHT,500,HDG,,,,,,89.35,89.25,-0.10
21.015999999974156,5,RIGHT,500,WHEEL,FL,69.52,52.74,68,-825,,,
21.030999999988126,5,RIGHT,500,WHEEL,FR,-69.52,-54.61,-64,1694,,,
21.062999999994645,5,RIGHT,500,WHEEL,BL,-72.19,-57.66,-68,2060,,,
21.062999999994645,5,RIGHT,500,WHEEL,BR,74.87,78.67,39,-664,,,
21.09399999998277,5,RIGHT,500,HDG,,,,,,88.93,89.25,0.32
21.280999999988126,5,RIGHT,500,WHEEL,FL,0.00,91.52,0,-728,,,
21.296999999991385,5,RIGHT,500,WHEEL,FR,0.00,-86.25,0,1592,,,
21.296999999991385,5,RIGHT,500,WHEEL,BL,0.00,-68.59,0,1954,,,
21.312999999994645,5,RIGHT,500,WHEEL,BR,0.00,51.41,0,-561,,,
21.35999999998603,5,RIGHT,500,HDG,,,,,,89.03,89.25,0.22
21.515999999974156,5,RIGHT,500,WHEEL,FL,0.00,-2.27,0,-713,,,
21.530999999988126,5,RIGHT,500,WHEEL,FR,0.00,-3.40,0,1562,,,
21.530999999988126,5,RIGHT,500,WHEEL,BL,0.00,-0.53,0,1948,,,
21.562999999994645,5,RIGHT,500,WHEEL,BR,0.00,-2.86,0,-548,,,
21.59399999998277,5,RIGHT,500,HDG,,,,,,89.39,89.25,-0.13
21.780999999988126,5,RIGHT,500,WHEEL,FL,0.00,-0.00,0,-714,,,
21.780999999988126,5,RIGHT,500,WHEEL,FR,0.00,-0.00,0,1562,,,
21.796999999991385,5,RIGHT,500,WHEEL,BL,0.00,-0.00,0,1948,,,
21.796999999991385,5,RIGHT,500,WHEEL,BR,0.00,-0.00,0,-548,,,
21.84399999998277,5,RIGHT,500,HDG,,,,,,89.41,89.41,-0.01
22.015999999974156,5,RIGHT,500,WHEEL,FL,0.00,-0.00,0,-714,,,
22.015999999974156,5,RIGHT,500,WHEEL,FR,0.00,-0.00,0,1562,,,
22.030999999988126,5,RIGHT,500,WHEEL,BL,0.00,-0.00,0,1948,,,
22.062999999994645,5,RIGHT,500,WHEEL,BR,0.00,-0.00,0,-548,,,
22.07799999997951,5,RIGHT,500,HDG,,,,,,89.40,89.41,0.01
22.25,5,RIGHT,500,WHEEL,FL,0.00,-0.00,0,-714,,,
22.280999999988126,5,RIGHT,500,WHEEL,FR,0.00,-0.00,0,1562,,,
22.280999999988126,5,RIGHT,500,WHEEL,BL,0.00,-0.00,0,1948,,,
22.296999999991385,5,RIGHT,500,WHEEL,BR,0.00,-0.00,0,-548,,,
22.60999999998603,6,STOP,0,HDG,,,,,,89.41,89.41,-0.01
22.625,6,STOP,0,WHEEL,FL,0.00,-0.00,0,-714,,,
22.625,6,STOP,0,WHEEL,FR,0.00,-0.00,0,1562,,,
22.625,6,STOP,0,WHEEL,BL,0.00,-0.00,0,1948,,,
22.625,6,STOP,0,WHEEL,BR,0.00,-0.00,0,-548,,,
22.625,6,STOP,0,HDG,,,,,,89.40,89.41,0.00
22.75,6,STOP,0,WHEEL,FL,0.00,-0.00,0,-714,,,
22.780999999988126,6,STOP,0,WHEEL,FR,0.00,-0.00,0,1562,,,
22.780999999988126,6,STOP,0,WHEEL,BL,0.00,-0.00,0,1948,,,
22.796999999991385,6,STOP,0,WHEEL,BR,0.00,-0.00,0,-548,,,
22.84399999998277,6,STOP,0,HDG,,,,,,89.42,89.41,-0.02
23.0,6,STOP,0,WHEEL,FL,0.00,-0.00,0,-714,,,
23.015999999974156,6,STOP,0,WHEEL,FR,0.00,-0.00,0,1562,,,
23.015999999974156,6,STOP,0,WHEEL,BL,0.00,-0.00,0,1948,,,
23.030999999988126,6,STOP,0,WHEEL,BR,0.00,-0.00,0,-548,,,
23.07799999997951,6,STOP,0,HDG,,,,,,89.41,89.41,-0.01
