pc_time_iso,phase,command_vy_mm_s,telemetry
2026-09-03T22:22:58.721+00:00,LEFT_100,100,"0,0,-492"
2026-09-03T22:22:58.721+00:00,LEFT_100,100,"POSE,450.1,1375.2,90.17,0"
2026-09-03T22:22:58.721+00:00,LEFT_100,100,"SYS,WAIT_START,64,0,0,AUTO,RED,0"
2026-09-03T22:22:58.721+00:00,LEFT_100,100,"HDG,90.17,-0.02,-90.19,1,1"
2026-09-03T22:22:58.721+00:00,LEFT_100,100,"TOF,260.0,0,170,-90.0"
2026-09-03T22:22:58.721+00:00,LEFT_100,100,"TOFI,0,0,0,1"
2026-09-03T22:22:58.721+00:00,LEFT_100,100,"AUTO,2,0,0,0,0,NONE,NONE,0,3"
2026-09-03T22:22:58.721+00:00,LEFT_100,100,"MOTION,728224,0,0.00,0.00,0.0000,0.00,0.00"
2026-09-03T22:22:58.721+00:00,LEFT_100,100,"ACK,RESET"
2026-09-03T22:22:58.721+00:00,LEFT_100,100,"STATE,WAIT_START"
2026-09-03T22:22:58.722+00:00,LEFT_100,100,"TEL,728377,0.00,0.00,0.00,0.00,90.17,-0.402,0.0"
2026-09-03T22:22:58.722+00:00,LEFT_100,100,"WHEEL,FL,0.00,0.00,0,-276"
2026-09-03T22:22:58.722+00:00,LEFT_100,100,"WHEEL,FR,0.00,0.00,0,1196"
2026-09-03T22:22:58.722+00:00,LEFT_100,100,"WHEEL,BL,0.00,0.00,0,1438"
2026-09-03T22:22:58.722+00:00,LEFT_100,100,"WHEEL,BR,0.00,0.00,0,-492"
2026-09-03T22:22:58.722+00:00,LEFT_100,100,"POSE,450.1,1375.2,90.17,0"
2026-09-03T22:22:58.722+00:00,LEFT_100,100,"SYS,WAIT_START,0,0,0,AUTO,RED,0"
2026-09-03T22:22:58.722+00:00,LEFT_100,100,"HDG,90.17,-0.02,-90.19,1,1"
2026-09-03T22:22:58.722+00:00,LEFT_100,100,"TOF,260.0,0,170,-90.0"
2026-09-03T22:22:58.722+00:00,LEFT_100,100,"TOFI,0,0,0,1"
2026-09-03T22:22:58.722+00:00,LEFT_100,100,"AUTO,2,0,0,0,0,NONE,NONE,0,3"
2026-09-03T22:22:58.722+00:00,LEFT_100,100,"MOTION,728424,0,0.00,0.00,0.0000,0.00,0.00"
2026-09-03T22:22:58.722+00:00,LEFT_100,100,"TEL,728580,0.00,0.00,0.00,0.00,90.17,-0.402,0.0"
2026-09-03T22:22:58.722+00:00,LEFT_100,100,"WHEEL,FL,0.00,0.00,0,-276"
2026-09-03T22:22:58.722+00:00,LEFT_100,100,"WHEEL,FR,0.00,0.00,0,1196"
2026-09-03T22:22:58.722+00:00,LEFT_100,100,"WHEEL,BL,0.00,0.00,0,1438"
2026-09-03T22:22:58.722+00:00,LEFT_100,100,"WHEEL,BR,0.00,0.00,0,-492"
2026-09-03T22:22:58.722+00:00,LEFT_100,100,"POSE,450.1,1375.2,90.17,0"
2026-09-03T22:22:58.722+00:00,LEFT_100,100,"SYS,WAIT_START,0,0,0,AUTO,RED,0"
2026-09-03T22:22:58.722+00:00,LEFT_100,100,"HDG,90.17,-0.02,-90.19,1,1"
2026-09-03T22:22:58.722+00:00,LEFT_100,100,"TOF,260.0,0,170,-90.0"
2026-09-03T22:22:58.722+00:00,LEFT_100,100,"TOFI,0,0,0,1"
2026-09-03T22:22:58.722+00:00,LEFT_100,100,"AUTO,2,0,0,0,0,NONE,NONE,0,3"
2026-09-03T22:22:58.722+00:00,LEFT_100,100,"MOTION,728628,0,0.00,0.00,0.0000,0.00,0.00"
2026-09-03T22:22:58.722+00:00,LEFT_100,100,"STATE,WAIT_START"
2026-09-03T22:22:58.722+00:00,LEFT_100,100,"ACK,MODE,MANUAL"
2026-09-03T22:22:58.745+00:00,LEFT_100,100,"TEL,728780,0.00,0.00,0.00,0.00,90.17,-0.402,0.0"
2026-09-03T22:22:58.745+00:00,LEFT_100,100,"WHEEL,FL,0.00,0.00,0,-276"
2026-09-03T22:22:58.777+00:00,LEFT_100,100,"WHEEL,FR,0.00,0.00,0,1196"
2026-09-03T22:22:58.777+00:00,LEFT_100,100,"WHEEL,BL,0.00,0.00,0,1438"
2026-09-03T22:22:58.808+00:00,LEFT_100,100,"WHEEL,BR,0.00,0.00,0,-492"
2026-09-03T22:22:58.808+00:00,LEFT_100,100,"POSE,450.1,1375.2,90.17,0"
2026-09-03T22:22:58.808+00:00,LEFT_100,100,"SYS,WAIT_START,0,0,0,MANUAL,RED,0"
2026-09-03T22:22:58.839+00:00,LEFT_100,100,"HDG,90.17,-0.02,-90.19,1,1"
2026-09-03T22:22:58.839+00:00,LEFT_100,100,"TOF,260.0,0,170,-90.0"
2026-09-03T22:22:58.839+00:00,LEFT_100,100,"TOFI,0,0,0,1"
2026-09-03T22:22:58.871+00:00,LEFT_100,100,"AUTO,2,0,0,0,0,NONE,NONE,0,3"
2026-09-03T22:22:58.871+00:00,LEFT_100,100,"MOTION,728829,0,0.00,0.00,0.0000,0.00,0.00"
2026-09-03T22:22:58.871+00:00,LEFT_100,100,"STATE,WAIT_START"
2026-09-03T22:22:58.871+00:00,LEFT_100,100,"ACK,DRIVE"
2026-09-03T22:22:58.965+00:00,LEFT_100,100,"TEL,728981,-6.92,8.80,9.51,-7.36,90.22,-0.402,0.0"
2026-09-03T22:22:58.965+00:00,LEFT_100,100,"WHEEL,FL,-19.10,-6.92,-46,-280"
2026-09-03T22:22:58.965+00:00,LEFT_100,100,"WHEEL,FR,19.10,8.80,39,1200"
2026-09-03T22:22:58.965+00:00,LEFT_100,100,"WHEEL,BL,19.10,9.51,38,1443"
2026-09-03T22:22:58.996+00:00,LEFT_100,100,"WHEEL,BR,-19.10,-7.36,-38,-496"
2026-09-03T22:22:59.028+00:00,LEFT_100,100,"POSE,445.6,1375.4,90.19,0"
2026-09-03T22:22:59.028+00:00,LEFT_100,100,"SYS,WAIT_START,0,1,8,MANUAL,RED,0"
2026-09-03T22:22:59.028+00:00,LEFT_100,100,"HDG,90.22,90.17,-0.05,1,1"
2026-09-03T22:22:59.028+00:00,LEFT_100,100,"TOF,260.0,0,170,-90.0"
2026-09-03T22:22:59.105+00:00,LEFT_100,100,"TOFI,0,0,0,1"
2026-09-03T22:22:59.105+00:00,LEFT_100,100,"AUTO,2,0,0,0,0,NONE,NONE,0,3"
2026-09-03T22:22:59.105+00:00,LEFT_100,100,"MOTION,729031,1,0.00,100.00,0.0000,0.00,0.00"
2026-09-03T22:22:59.169+00:00,LEFT_100,100,"TEL,729182,-6.01,1.76,11.69,-6.62,90.00,-0.402,0.0"
2026-09-03T22:22:59.169+00:00,LEFT_100,100,"WHEEL,FL,-19.10,-6.01,-47,-290"
2026-09-03T22:22:59.169+00:00,LEFT_100,100,"WHEEL,FR,19.10,1.76,45,1206"
2026-09-03T22:22:59.169+00:00,LEFT_100,100,"WHEEL,BL,19.10,11.69,37,1453"
2026-09-03T22:22:59.199+00:00,LEFT_100,100,"WHEEL,BR,-19.10,-6.62,-39,-508"
2026-09-03T22:22:59.231+00:00,LEFT_100,100,"POSE,435.7,1373.8,90.00,0"
2026-09-03T22:22:59.231+00:00,LEFT_100,100,"SYS,WAIT_START,0,1,8,MANUAL,RED,0"
2026-09-03T22:22:59.231+00:00,LEFT_100,100,"HDG,90.00,90.17,0.17,1,1"
2026-09-03T22:22:59.231+00:00,LEFT_100,100,"TOF,260.0,0,170,-90.0"
2026-09-03T22:22:59.263+00:00,LEFT_100,100,"TOFI,0,0,0,1"
2026-09-03T22:22:59.263+00:00,LEFT_100,100,"AUTO,2,0,0,0,0,NONE,NONE,0,3"
2026-09-03T22:22:59.263+00:00,LEFT_100,100,"MOTION,729233,1,0.00,100.00,0.0000,0.00,0.00"
2026-09-03T22:22:59.357+00:00,LEFT_100,100,"TEL,729382,-8.63,7.06,13.78,-4.21,89.79,-0.402,0.0"
2026-09-03T22:22:59.357+00:00,LEFT_100,100,"WHEEL,FL,-19.10,-8.63,-46,-294"
2026-09-03T22:22:59.389+00:00,LEFT_100,100,"WHEEL,FR,19.10,7.06,42,1213"
2026-09-03T22:22:59.389+00:00,LEFT_100,100,"WHEEL,BL,19.10,13.78,36,1463"
2026-09-03T22:22:59.389+00:00,LEFT_100,100,"WHEEL,BR,-19.10,-4.21,-42,-513"
2026-09-03T22:22:59.467+00:00,LEFT_100,100,"POSE,428.9,1375.9,89.79,0"
2026-09-03T22:22:59.468+00:00,LEFT_100,100,"SYS,WAIT_START,0,1,8,MANUAL,RED,0"
2026-09-03T22:22:59.468+00:00,LEFT_100,100,"HDG,89.79,90.17,0.39,1,1"
2026-09-03T22:22:59.468+00:00,LEFT_100,100,"TOF,260.0,0,170,-90.0"
2026-09-03T22:22:59.468+00:00,LEFT_100,100,"TOFI,0,0,0,1"
2026-09-03T22:22:59.468+00:00,LEFT_100,100,"AUTO,2,0,0,0,0,NONE,NONE,0,3"
2026-09-03T22:22:59.468+00:00,LEFT_100,100,"MOTION,729433,1,0.00,100.00,0.0000,0.00,0.00"
2026-09-03T22:22:59.562+00:00,LEFT_100,100,"TEL,729582,-6.01,6.21,3.96,-5.22,89.87,-0.402,0.0"
2026-09-03T22:22:59.562+00:00,LEFT_100,100,"WHEEL,FL,-19.10,-6.01,-49,-297"
2026-09-03T22:22:59.594+00:00,LEFT_100,100,"WHEEL,FR,19.10,6.21,43,1217"
2026-09-03T22:22:59.594+00:00,LEFT_100,100,"WHEEL,BL,19.10,3.96,44,1466"
2026-09-03T22:22:59.594+00:00,LEFT_100,100,"WHEEL,BR,-19.10,-5.22,-42,-515"
2026-09-03T22:22:59.624+00:00,LEFT_100,100,"POSE,425.7,1376.5,89.87,0"
2026-09-03T22:22:59.624+00:00,LEFT_100,100,"SYS,WAIT_START,0,1,8,MANUAL,RED,0"
2026-09-03T22:22:59.624+00:00,LEFT_100,100,"HDG,89.87,90.17,0.30,1,1"
2026-09-03T22:22:59.624+00:00,LEFT_100,100,"TOF,260.0,0,170,-90.0"
2026-09-03T22:22:59.701+00:00,LEFT_100,100,"TOFI,0,0,0,1"
2026-09-03T22:22:59.701+00:00,LEFT_100,100,"AUTO,2,0,0,0,0,NONE,NONE,0,3"
2026-09-03T22:22:59.701+00:00,LEFT_100,100,"MOTION,729632,1,0.00,100.00,0.0000,0.00,0.00"
2026-09-03T22:22:59.810+00:00,LEFT_100,100,"TEL,729782,-16.79,17.62,18.51,-11.51,90.72,-0.402,0.0"
2026-09-03T22:22:59.810+00:00,LEFT_100,100,"WHEEL,FL,-8.61,-16.79,-30,-313"
2026-09-03T22:22:59.810+00:00,LEFT_100,100,"WHEEL,FR,8.61,17.62,25,1233"
2026-09-03T22:22:59.810+00:00,LEFT_100,100,"WHEEL,BL,29.58,18.51,43,1480"
2026-09-03T22:22:59.810+00:00,LEFT_100,100,"WHEEL,BR,-29.58,-11.51,-48,-522"
2026-09-03T22:22:59.810+00:00,LEFT_100,100,"POSE,411.8,1378.2,90.72,0"
2026-09-03T22:22:59.810+00:00,LEFT_100,100,"SYS,WAIT_START,0,1,8,MANUAL,RED,0"
2026-09-03T22:22:59.841+00:00,LEFT_100,100,"HDG,90.72,90.17,-0.55,1,1"
2026-09-03T22:22:59.841+00:00,LEFT_100,100,"TOF,260.0,0,170,-90.0"
2026-09-03T22:22:59.920+00:00,LEFT_100,100,"TOFI,0,0,0,1"
2026-09-03T22:22:59.920+00:00,LEFT_100,100,"AUTO,2,0,0,0,0,NONE,NONE,0,3"
2026-09-03T22:22:59.920+00:00,LEFT_100,100,"MOTION,729834,1,0.00,100.00,-0.1800,0.00,0.00"
2026-09-03T22:22:59.998+00:00,REST,0,"TEL,729982,-20.53,19.08,10.51,-14.54,89.75,-0.402,0.0"
2026-09-03T22:22:59.998+00:00,REST,0,"WHEEL,FL,-19.10,-20.53,-38,-326"
2026-09-03T22:22:59.998+00:00,REST,0,"WHEEL,FR,19.10,19.08,34,1243"
2026-09-03T22:22:59.998+00:00,REST,0,"WHEEL,BL,19.10,10.51,39,1503"
2026-09-03T22:22:59.998+00:00,REST,0,"WHEEL,BR,-19.10,-14.54,-35,-543"
2026-09-03T22:23:00.029+00:00,REST,0,"POSE,394.3,1378.1,89.75,0"
2026-09-03T22:23:00.029+00:00,REST,0,"SYS,WAIT_START,0,1,8,MANUAL,RED,0"
2026-09-03T22:23:00.029+00:00,REST,0,"HDG,89.75,90.17,0.42,1,1"
2026-09-03T22:23:00.029+00:00,REST,0,"TOF,260.0,0,170,-90.0"
2026-09-03T22:23:00.108+00:00,REST,0,"TOFI,0,0,0,1"
2026-09-03T22:23:00.108+00:00,REST,0,"AUTO,2,0,0,0,0,NONE,NONE,0,3"
2026-09-03T22:23:00.108+00:00,REST,0,"MOTION,730034,1,0.00,100.00,0.0000,0.00,0.00"
2026-09-03T22:23:00.139+00:00,REST,0,"TEL,730183,4.35,1.40,1.65,1.64,90.12,-0.402,0.0"
2026-09-03T22:23:00.216+00:00,REST,0,"WHEEL,FL,0.00,4.35,0,-328"
2026-09-03T22:23:00.216+00:00,REST,0,"WHEEL,FR,0.00,1.40,0,1251"
2026-09-03T22:23:00.216+00:00,REST,0,"WHEEL,BL,0.00,1.65,0,1510"
2026-09-03T22:23:00.216+00:00,REST,0,"WHEEL,BR,0.00,1.64,0,-542"
2026-09-03T22:23:00.216+00:00,REST,0,"POSE,390.1,1381.7,90.12,0"
2026-09-03T22:23:00.216+00:00,REST,0,"SYS,WAIT_START,0,1,8,MANUAL,RED,0"
2026-09-03T22:23:00.216+00:00,REST,0,"HDG,90.12,90.17,0.05,1,1"
2026-09-03T22:23:00.248+00:00,REST,0,"TOF,260.0,0,170,-90.0"
2026-09-03T22:23:00.248+00:00,REST,0,"TOFI,0,0,0,1"
2026-09-03T22:23:00.248+00:00,REST,0,"AUTO,2,0,0,0,0,NONE,NONE,0,3"
2026-09-03T22:23:00.326+00:00,REST,0,"MOTION,730231,0,0.00,0.00,0.0000,0.00,0.00"
2026-09-03T22:23:00.327+00:00,REST,0,"TEL,730384,0.09,0.02,0.02,0.06,90.08,-0.402,0.0"
2026-09-03T22:23:00.358+00:00,REST,0,"WHEEL,FL,0.00,0.09,0,-326"
2026-09-03T22:23:00.390+00:00,REST,0,"WHEEL,FR,0.00,0.02,0,1251"
2026-09-03T22:23:00.390+00:00,REST,0,"WHEEL,BL,0.00,0.02,0,1510"
2026-09-03T22:23:00.390+00:00,REST,0,"WHEEL,BR,0.00,0.06,0,-540"
2026-09-03T22:23:00.390+00:00,REST,0,"POSE,391.1,1382.8,90.08,0"
2026-09-03T22:23:00.420+00:00,REST,0,"SYS,WAIT_START,0,1,8,MANUAL,RED,0"
2026-09-03T22:23:00.420+00:00,REST,0,"HDG,90.08,90.17,0.09,1,1"
2026-09-03T22:23:00.452+00:00,REST,0,"TOF,260.0,0,170,-90.0"
2026-09-03T22:23:00.452+00:00,REST,0,"TOFI,0,0,0,1"
2026-09-03T22:23:00.452+00:00,REST,0,"AUTO,2,0,0,0,0,NONE,NONE,0,3"
2026-09-03T22:23:00.482+00:00,REST,0,"MOTION,730432,0,0.00,0.00,0.0000,0.00,0.00"
2026-09-03T22:23:00.560+00:00,REST,0,"TEL,730587,0.03,0.00,0.00,0.00,90.02,-0.402,0.0"
2026-09-03T22:23:00.560+00:00,REST,0,"WHEEL,FL,0.00,0.03,0,-325"
2026-09-03T22:23:00.592+00:00,RIGHT_100,-100,251
2026-09-03T22:23:00.592+00:00,RIGHT_100,-100,"WHEEL,BL,0.00,0.00,0,1510"
2026-09-03T22:23:00.592+00:00,RIGHT_100,-100,"WHEEL,BR,0.00,0.00,0,-540"
2026-09-03T22:23:00.592+00:00,RIGHT_100,-100,"POSE,391.4,1383.0,90.02,0"
2026-09-03T22:23:00.623+00:00,RIGHT_100,-100,"SYS,WAIT_START,0,1,8,MANUAL,RED,0"
2026-09-03T22:23:00.623+00:00,RIGHT_100,-100,"HDG,90.02,90.17,0.15,1,1"
2026-09-03T22:23:00.623+00:00,RIGHT_100,-100,"TOF,260.0,0,170,-90.0"
2026-09-03T22:23:00.623+00:00,RIGHT_100,-100,"TOFI,0,0,0,1"
2026-09-03T22:23:00.655+00:00,RIGHT_100,-100,"AUTO,2,0,0,0,0,NONE,NONE,0,3"
2026-09-03T22:23:00.686+00:00,RIGHT_100,-100,"MOTION,730634,0,0.00,0.00,0.0000,0.00,0.00"
2026-09-03T22:23:00.763+00:00,RIGHT_100,-100,"TEL,730788,10.60,-10.60,0.00,10.60,90.02,-0.402,0.0"
2026-09-03T22:23:00.763+00:00,RIGHT_100,-100,"WHEEL,FL,19.10,10.60,43,-323"
2026-09-03T22:23:00.794+00:00,RIGHT_100,-100,"WHEEL,FR,-19.10,-10.60,-37,1249"
2026-09-03T22:23:00.794+00:00,RIGHT_100,-100,"WHEEL,BL,-19.10,0.00,-46,1510"
2026-09-03T22:23:00.826+00:00,RIGHT_100,-100,"WHEEL,BR,19.10,10.60,35,-538"
2026-09-03T22:23:00.826+00:00,RIGHT_100,-100,"POSE,393.0,1383.5,90.01,0"
2026-09-03T22:23:00.826+00:00,RIGHT_100,-100,"SYS,WAIT_START,0,1,8,MANUAL,RED,0"
2026-09-03T22:23:00.858+00:00,RIGHT_100,-100,"HDG,90.02,90.17,0.15,1,1"
2026-09-03T22:23:00.858+00:00,RIGHT_100,-100,"TOF,260.0,0,170,-90.0"
2026-09-03T22:23:00.889+00:00,RIGHT_100,-100,"TOFI,0,0,0,1"
2026-09-03T22:23:00.889+00:00,RIGHT_100,-100,"AUTO,2,0,0,0,0,NONE,NONE,0,3"
2026-09-03T22:23:00.889+00:00,RIGHT_100,-100,"MOTION,730840,1,0.00,-100.00,0.0000,0.00,0.00"
2026-09-03T22:23:00.983+00:00,RIGHT_100,-100,"TEL,730989,9.16,-7.81,-4.25,10.44,90.30,-0.402,0.0"
2026-09-03T22:23:00.983+00:00,RIGHT_100,-100,"WHEEL,FL,19.10,9.16,44,-315"
2026-09-03T22:23:00.983+00:00,RIGHT_100,-100,"WHEEL,FR,-19.10,-7.81,-40,1245"
2026-09-03T22:23:00.983+00:00,RIGHT_100,-100,"WHEEL,BL,-19.10,-4.25,-43,1503"
2026-09-03T22:23:01.014+00:00,RIGHT_100,-100,"WHEEL,BR,19.10,10.44,36,-527"
2026-09-03T22:23:01.045+00:00,RIGHT_100,-100,"POSE,400.8,1385.7,90.33,0"
2026-09-03T22:23:01.046+00:00,RIGHT_100,-100,"SYS,WAIT_START,0,1,8,MANUAL,RED,0"
2026-09-03T22:23:01.046+00:00,RIGHT_100,-100,"HDG,90.30,90.17,-0.13,1,1"
2026-09-03T22:23:01.046+00:00,RIGHT_100,-100,"TOF,260.0,0,170,-90.0"
2026-09-03T22:23:01.124+00:00,RIGHT_100,-100,"TOFI,0,0,0,1"
2026-09-03T22:23:01.124+00:00,RIGHT_100,-100,"AUTO,2,0,0,0,0,NONE,NONE,0,3"
2026-09-03T22:23:01.124+00:00,RIGHT_100,-100,"MOTION,731040,1,0.00,-100.00,0.0000,0.00,0.00"
2026-09-03T22:23:01.186+00:00,RIGHT_100,-100,"TEL,731189,2.80,-3.07,-15.69,18.28,89.63,-0.402,0.0"
2026-09-03T22:23:01.186+00:00,RIGHT_100,-100,"WHEEL,FL,8.61,2.80,39,-306"
2026-09-03T22:23:01.186+00:00,RIGHT_100,-100,"WHEEL,FR,-8.61,-3.07,-34,1237"
2026-09-03T22:23:01.186+00:00,RIGHT_100,-100,"WHEEL,BL,-29.58,-15.69,-45,1497"
2026-09-03T22:23:01.216+00:00,RIGHT_100,-100,"WHEEL,BR,29.58,18.28,41,-521"
2026-09-03T22:23:01.248+00:00,RIGHT_100,-100,"POSE,408.4,1385.9,89.63,0"
2026-09-03T22:23:01.248+00:00,RIGHT_100,-100,"SYS,WAIT_START,0,1,8,MANUAL,RED,0"
2026-09-03T22:23:01.248+00:00,RIGHT_100,-100,"HDG,89.63,90.17,0.54,1,1"
2026-09-03T22:23:01.248+00:00,RIGHT_100,-100,"TOF,260.0,0,170,-90.0"
2026-09-03T22:23:01.278+00:00,RIGHT_100,-100,"TOFI,0,0,0,1"
2026-09-03T22:23:01.278+00:00,RIGHT_100,-100,"AUTO,2,0,0,0,0,NONE,NONE,0,3"
2026-09-03T22:23:01.309+00:00,RIGHT_100,-100,"MOTION,731240,1,0.00,-100.00,0.1800,0.00,0.00"
2026-09-03T22:23:01.371+00:00,RIGHT_100,-100,"TEL,731389,23.02,-18.19,-1.30,13.59,90.69,-0.402,0.0"
2026-09-03T22:23:01.371+00:00,RIGHT_100,-100,"WHEEL,FL,29.58,23.02,45,-295"
2026-09-03T22:23:01.402+00:00,RIGHT_100,-100,"WHEEL,FR,-29.58,-18.19,-43,1230"
2026-09-03T22:23:01.433+00:00,RIGHT_100,-100,"WHEEL,BL,-8.61,-1.30,-36,1484"
2026-09-03T22:23:01.434+00:00,RIGHT_100,-100,"WHEEL,BR,8.61,13.59,24,-503"
2026-09-03T22:23:01.434+00:00,RIGHT_100,-100,"POSE,421.2,1388.4,90.79,0"
2026-09-03T22:23:01.434+00:00,RIGHT_100,-100,"SYS,WAIT_START,0,1,8,MANUAL,RED,0"
2026-09-03T22:23:01.465+00:00,RIGHT_100,-100,"HDG,90.69,90.17,-0.52,1,1"
2026-09-03T22:23:01.465+00:00,RIGHT_100,-100,"TOF,260.0,0,170,-90.0"
2026-09-03T22:23:01.465+00:00,RIGHT_100,-100,"TOFI,0,0,0,1"
2026-09-03T22:23:01.465+00:00,RIGHT_100,-100,"AUTO,2,0,0,0,0,NONE,NONE,0,3"
2026-09-03T22:23:01.496+00:00,RIGHT_100,-100,"MOTION,731440,1,0.00,-100.00,-0.1800,0.00,0.00"
2026-09-03T22:23:01.607+00:00,RIGHT_100,-100,"TEL,731589,5.05,-7.52,-15.10,12.91,90.05,-0.402,0.0"
2026-09-03T22:23:01.607+00:00,RIGHT_100,-100,"WHEEL,FL,19.10,5.05,49,-278"
2026-09-03T22:23:01.607+00:00,RIGHT_100,-100,"WHEEL,FR,-19.10,-7.52,-42,1219"
2026-09-03T22:23:01.607+00:00,RIGHT_100,-100,"WHEEL,BL,-19.10,-15.10,-36,1476"
2026-09-03T22:23:01.607+00:00,RIGHT_100,-100,"WHEEL,BR,19.10,12.91,35,-491"
2026-09-03T22:23:01.639+00:00,RIGHT_100,-100,"POSE,433.8,1391.0,90.04,0"
2026-09-03T22:23:01.639+00:00,RIGHT_100,-100,"SYS,WAIT_START,0,1,8,MANUAL,RED,0"
2026-09-03T22:23:01.716+00:00,RIGHT_100,-100,"HDG,90.05,90.17,0.12,1,1"
2026-09-03T22:23:01.716+00:00,RIGHT_100,-100,"TOF,260.0,0,170,-90.0"
2026-09-03T22:23:01.717+00:00,RIGHT_100,-100,"TOFI,0,0,0,1"
2026-09-03T22:23:01.717+00:00,RIGHT_100,-100,"AUTO,2,0,0,0,0,NONE,NONE,0,3"
2026-09-03T22:23:01.717+00:00,RIGHT_100,-100,"MOTION,731640,1,0.00,-100.00,0.0000,0.00,0.00"
2026-09-03T22:23:01.826+00:00,RIGHT_100,-100,"TEL,731790,0.81,-7.29,-5.99,9.70,89.90,-0.402,0.0"
2026-09-03T22:23:01.826+00:00,RIGHT_100,-100,"WHEEL,FL,19.10,0.81,53,-273"
2026-09-03T22:23:01.826+00:00,RIGHT_100,-100,"WHEEL,FR,-19.10,-7.29,-43,1215"
2026-09-03T22:23:01.826+00:00,RIGHT_100,-100,"WHEEL,BL,-19.10,-5.99,-44,1474"
2026-09-03T22:23:01.826+00:00,RIGHT_100,-100,"WHEEL,BR,19.10,9.70,38,-485"
2026-09-03T22:23:01.826+00:00,RIGHT_100,-100,"POSE,438.2,1392.3,89.90,0"
2026-09-03T22:23:01.826+00:00,RIGHT_100,-100,"SYS,WAIT_START,0,1,8,MANUAL,RED,0"
2026-09-03T22:23:01.904+00:00,REST,0,"90.17,0.27,1,1"
2026-09-03T22:23:01.904+00:00,REST,0,"TOF,260.0,0,170,-90.0"
2026-09-03T22:23:01.904+00:00,REST,0,"TOFI,0,0,0,1"
2026-09-03T22:23:01.904+00:00,REST,0,"AUTO,2,0,0,0,0,NONE,NONE,0,3"
2026-09-03T22:23:01.904+00:00,REST,0,"MOTION,731841,1,0.00,-100.00,0.0000,0.00,0.00"
2026-09-03T22:23:02.012+00:00,REST,0,"TEL,731991,1.30,-0.10,-12.00,9.42,90.58,-0.402,0.0"
2026-09-03T22:23:02.012+00:00,REST,0,"WHEEL,FL,19.10,1.30,53,-270"
2026-09-03T22:23:02.012+00:00,REST,0,"WHEEL,FR,-19.10,-0.10,-49,1215"
2026-09-03T22:23:02.012+00:00,REST,0,"WHEEL,BL,-19.10,-12.00,-40,1466"
2026-09-03T22:23:02.012+00:00,REST,0,"WHEEL,BR,19.10,9.42,39,-475"
2026-09-03T22:23:02.044+00:00,REST,0,"POSE,443.7,1393.6,90.58,0"
2026-09-03T22:23:02.044+00:00,REST,0,"SYS,WAIT_START,0,1,8,MANUAL,RED,0"
2026-09-03T22:23:02.044+00:00,REST,0,"HDG,90.58,90.17,-0.41,1,1"
2026-09-03T22:23:02.044+00:00,REST,0,"TOF,260.0,0,170,-90.0"
2026-09-03T22:23:02.075+00:00,REST,0,"TOFI,0,0,0,1"
2026-09-03T22:23:02.075+00:00,REST,0,"AUTO,2,0,0,0,0,NONE,NONE,0,3"
2026-09-03T22:23:02.105+00:00,REST,0,"MOTION,732042,1,0.00,-100.00,0.0000,0.00,0.00"
2026-09-03T22:23:02.168+00:00,REST,0,"TEL,732191,-5.16,-0.38,-4.16,0.69,91.46,-0.402,0.0"
2026-09-03T22:23:02.168+00:00,REST,0,"WHEEL,FL,0.00,-5.16,0,-270"
2026-09-03T22:23:02.247+00:00,REST,0,"WHEEL,FR,0.00,-0.38,0,1212"
2026-09-03T22:23:02.247+00:00,REST,0,"WHEEL,BL,0.00,-4.16,0,1457"
2026-09-03T22:23:02.247+00:00,REST,0,"WHEEL,BR,0.00,0.69,0,-467"
2026-09-03T22:23:02.247+00:00,REST,0,"POSE,449.0,1392.7,91.46,0"
2026-09-03T22:23:02.247+00:00,REST,0,"SYS,WAIT_START,0,1,8,MANUAL,RED,0"
2026-09-03T22:23:02.247+00:00,REST,0,"HDG,91.46,90.17,-1.29,1,1"
2026-09-03T22:23:02.247+00:00,REST,0,"TOF,260.0,0,170,-90.0"
2026-09-03T22:23:02.247+00:00,REST,0,"TOFI,0,0,0,1"
2026-09-03T22:23:02.278+00:00,REST,0,"AUTO,2,0,0,0,0,NONE,NONE,0,3"
2026-09-03T22:23:02.355+00:00,REST,0,"MOTION,732240,0,0.00,0.00,0.0000,0.00,0.00"
2026-09-03T22:23:02.387+00:00,REST,0,"TEL,732391,-0.11,-0.01,-0.09,0.01,91.35,-0.402,0.0"
2026-09-03T22:23:02.387+00:00,REST,0,"WHEEL,FL,0.00,-0.11,0,-270"
2026-09-03T22:23:02.387+00:00,REST,0,"WHEEL,FR,0.00,-0.01,0,1212"
2026-09-03T22:23:02.387+00:00,REST,0,"WHEEL,BL,0.00,-0.09,0,1457"
2026-09-03T22:23:02.464+00:00,REST,0,"WHEEL,BR,0.00,0.01,0,-467"
2026-09-03T22:23:02.464+00:00,REST,0,"POSE,449.0,1392.7,91.35,0"
2026-09-03T22:23:02.464+00:00,REST,0,"SYS,WAIT_START,0,1,8,MANUAL,RED,0"
2026-09-03T22:23:02.464+00:00,REST,0,"HDG,91.35,90.17,-1.18,1,1"
2026-09-03T22:23:02.464+00:00,REST,0,"TOF,260.0,0,170,-90.0"
2026-09-03T22:23:02.464+00:00,REST,0,"TOFI,0,0,0,1"
2026-09-03T22:23:02.464+00:00,REST,0,"AUTO,2,0,0,0,0,NONE,NONE,0,3"
2026-09-03T22:23:02.495+00:00,LEFT_200,200,"0,0.0000,0.00,0.00"
2026-09-03T22:23:02.588+00:00,LEFT_200,200,"TEL,732591,-0.00,-0.00,-0.00,0.00,91.35,-0.402,0.0"
2026-09-03T22:23:02.588+00:00,LEFT_200,200,"WHEEL,FL,0.00,-0.00,0,-270"
2026-09-03T22:23:02.588+00:00,LEFT_200,200,"WHEEL,FR,0.00,-0.00,0,1212"
2026-09-03T22:23:02.588+00:00,LEFT_200,200,"WHEEL,BL,0.00,-0.00,0,1457"
2026-09-03T22:23:02.667+00:00,LEFT_200,200,"WHEEL,BR,0.00,0.00,0,-467"
2026-09-03T22:23:02.667+00:00,LEFT_200,200,"POSE,449.0,1392.7,91.35,0"
2026-09-03T22:23:02.667+00:00,LEFT_200,200,"SYS,WAIT_START,0,1,8,MANUAL,RED,0"
2026-09-03T22:23:02.667+00:00,LEFT_200,200,"HDG,91.35,90.17,-1.18,1,1"
2026-09-03T22:23:02.667+00:00,LEFT_200,200,"TOF,260.0,0,170,-90.0"
2026-09-03T22:23:02.667+00:00,LEFT_200,200,"TOFI,0,0,0,1"
2026-09-03T22:23:02.667+00:00,LEFT_200,200,"AUTO,2,0,0,0,0,NONE,NONE,0,3"
2026-09-03T22:23:02.698+00:00,LEFT_200,200,"MOTION,732640,0,0.00,0.00,0.0000,0.00,0.00"
2026-09-03T22:23:02.792+00:00,LEFT_200,200,"TEL,732791,-15.89,10.77,45.76,-26.27,90.92,-0.402,0.0"
2026-09-03T22:23:02.792+00:00,LEFT_200,200,"WHEEL,FL,-27.71,-15.89,-47,-278"
2026-09-03T22:23:02.792+00:00,LEFT_200,200,"WHEEL,FR,27.71,10.77,46,1215"
2026-09-03T22:23:02.824+00:00,LEFT_200,200,"WHEEL,BL,48.68,45.76,39,1489"
2026-09-03T22:23:02.824+00:00,LEFT_200,200,"WHEEL,BR,-48.68,-26.27,-52,-485"
2026-09-03T22:23:02.824+00:00,LEFT_200,200,"POSE,433.0,1394.7,90.92,0"
2026-09-03T22:23:02.824+00:00,LEFT_200,200,"SYS,WAIT_START,0,1,8,MANUAL,RED,0"
2026-09-03T22:23:02.902+00:00,LEFT_200,200,"HDG,90.92,90.17,-0.75,1,1"
2026-09-03T22:23:02.902+00:00,LEFT_200,200,"TOF,260.0,0,170,-90.0"
2026-09-03T22:23:02.903+00:00,LEFT_200,200,"TOFI,0,0,0,1"
2026-09-03T22:23:02.903+00:00,LEFT_200,200,"AUTO,2,0,0,0,0,NONE,NONE,0,3"
2026-09-03T22:23:02.903+00:00,LEFT_200,200,"MOTION,732843,1,0.00,200.00,-0.1800,0.00,0.00"
2026-09-03T22:23:03.012+00:00,LEFT_200,200,"TEL,732994,-41.91,36.90,31.30,-29.42,90.00,-0.402,0.0"
2026-09-03T22:23:03.012+00:00,LEFT_200,200,"WHEEL,FL,-38.20,-41.91,-38,-314"
2026-09-03T22:23:03.012+00:00,LEFT_200,200,"WHEEL,FR,38.20,36.90,37,1238"
2026-09-03T22:23:03.012+00:00,LEFT_200,200,"WHEEL,BL,38.20,31.30,40,1515"
2026-09-03T22:23:03.012+00:00,LEFT_200,200,"WHEEL,BR,-38.20,-29.42,-40,-526"
2026-09-03T22:23:03.043+00:00,LEFT_200,200,"POSE,400.0,1387.4,90.00,0"
2026-09-03T22:23:03.043+00:00,LEFT_200,200,"SYS,WAIT_START,0,1,8,MANUAL,RED,0"
2026-09-03T22:23:03.121+00:00,LEFT_200,200,"HDG,90.00,90.17,0.17,1,1"
2026-09-03T22:23:03.121+00:00,LEFT_200,200,"TOF,260.0,0,170,-90.0"
2026-09-03T22:23:03.121+00:00,LEFT_200,200,"TOFI,0,0,0,1"
2026-09-03T22:23:03.121+00:00,LEFT_200,200,"AUTO,2,0,0,0,0,NONE,NONE,0,3"
2026-09-03T22:23:03.121+00:00,LEFT_200,200,"MOTION,733046,1,0.00,200.00,0.0000,0.00,0.00"
2026-09-03T22:23:03.229+00:00,LEFT_200,200,"TEL,733211,-30.22,25.10,31.72,-22.54,90.12,-0.402,0.0"
2026-09-03T22:23:03.229+00:00,LEFT_200,200,"WHEEL,FL,-38.20,-30.22,-47,-341"
2026-09-03T22:23:03.229+00:00,LEFT_200,200,"WHEEL,FR,38.20,25.10,46,1259"
2026-09-03T22:23:03.229+00:00,LEFT_200,200,"WHEEL,BL,38.20,31.72,40,1545"
2026-09-03T22:23:03.229+00:00,LEFT_200,200,"WHEEL,BR,-38.20,-22.54,-46,-551"
2026-09-03T22:23:03.260+00:00,LEFT_200,200,"POSE,373.0,1387.1,90.12,0"
2026-09-03T22:23:03.260+00:00,LEFT_200,200,"SYS,WAIT_START,0,1,8,MANUAL,RED,0"
2026-09-03T22:23:03.291+00:00,LEFT_200,200,"HDG,90.12,90.17,0.05,1,1"
2026-09-03T22:23:03.292+00:00,LEFT_200,200,"TOF,260.0,0,170,-90.0"
2026-09-03T22:23:03.292+00:00,LEFT_200,200,"TOFI,0,0,0,1"
2026-09-03T22:23:03.292+00:00,LEFT_200,200,"AUTO,2,0,0,0,0,NONE,NONE,0,3"
2026-09-03T22:23:03.323+00:00,LEFT_200,200,"MOTION,733263,1,0.00,200.00,0.0000,0.00,0.00"
2026-09-03T22:23:03.386+00:00,LEFT_200,200,"TEL,733418,-33.27,21.60,31.25,-31.53,90.49,-0.402,0.0"
2026-09-03T22:23:03.386+00:00,LEFT_200,200,"WHEEL,FL,-38.20,-33.27,-45,-376"
2026-09-03T22:23:03.465+00:00,LEFT_200,200,"WHEEL,FR,38.20,21.60,50,1286"
2026-09-03T22:23:03.465+00:00,LEFT_200,200,"WHEEL,BL,38.20,31.25,41,1583"
2026-09-03T22:23:03.465+00:00,LEFT_200,200,"WHEEL,BR,-38.20,-31.53,-40,-582"
2026-09-03T22:23:03.465+00:00,LEFT_200,200,"POSE,338.7,1386.2,90.45,0"
2026-09-03T22:23:03.465+00:00,LEFT_200,200,"SYS,WAIT_START,0,1,8,MANUAL,RED,0"
2026-09-03T22:23:03.465+00:00,LEFT_200,200,"HDG,90.49,90.17,-0.31,1,1"
2026-09-03T22:23:03.465+00:00,LEFT_200,200,"TOF,260.0,0,170,-90.0"
2026-09-03T22:23:03.496+00:00,LEFT_200,200,"TOFI,0,0,0,1"
2026-09-03T22:23:03.496+00:00,LEFT_200,200,"AUTO,2,0,0,0,0,NONE,NONE,0,3"
2026-09-03T22:23:03.528+00:00,LEFT_200,200,"MOTION,733470,1,0.00,200.00,0.0000,0.00,0.00"
2026-09-03T22:23:03.591+00:00,LEFT_200,200,"TEL,733618,-18.89,18.34,49.61,-34.97,90.86,-0.402,0.0"
2026-09-03T22:23:03.591+00:00,LEFT_200,200,"WHEEL,FL,-27.71,-18.89,-46,-401"
2026-09-03T22:23:03.622+00:00,LEFT_200,200,"WHEEL,FR,27.71,18.34,42,1321"
2026-09-03T22:23:03.654+00:00,LEFT_200,200,"WHEEL,BL,48.68,49.61,37,1624"
2026-09-03T22:23:03.654+00:00,LEFT_200,200,"WHEEL,BR,-48.68,-34.97,-48,-607"
2026-09-03T22:23:03.654+00:00,LEFT_200,200,"POSE,305.6,1392.4,91.09,0"
2026-09-03T22:23:03.654+00:00,LEFT_200,200,"SYS,WAIT_START,0,1,8,MANUAL,RED,0"
2026-09-03T22:23:03.686+00:00,LEFT_200,200,"HDG,90.86,90.17,-0.69,1,1"
2026-09-03T22:23:03.686+00:00,LEFT_200,200,"TOF,260.0,0,170,-90.0"
2026-09-03T22:23:03.686+00:00,LEFT_200,200,"TOFI,0,0,0,1"
2026-09-03T22:23:03.686+00:00,LEFT_200,200,"AUTO,2,0,0,0,0,NONE,NONE,0,3"
2026-09-03T22:23:03.717+00:00,REST,0,",733670,1,0.00,200.00,-0.1800,0.00,0.00"
2026-09-03T22:23:03.812+00:00,REST,0,"TEL,733818,-37.17,24.42,23.92,-24.45,90.43,-0.402,0.0"
2026-09-03T22:23:03.812+00:00,REST,0,"WHEEL,FL,-38.20,-37.17,-42,-438"
2026-09-03T22:23:03.812+00:00,REST,0,"WHEEL,FR,38.20,24.42,48,1342"
2026-09-03T22:23:03.842+00:00,REST,0,"WHEEL,BL,38.20,23.92,47,1650"
2026-09-03T22:23:03.842+00:00,REST,0,"WHEEL,BR,-38.20,-24.45,-46,-642"
2026-09-03T22:23:03.873+00:00,REST,0,"POSE,274.5,1385.7,90.43,0"
2026-09-03T22:23:03.873+00:00,REST,0,"SYS,WAIT_START,0,1,8,MANUAL,RED,0"
2026-09-03T22:23:03.873+00:00,REST,0,"HDG,90.43,90.17,-0.26,1,1"
2026-09-03T22:23:03.873+00:00,REST,0,"TOF,260.0,0,170,-90.0"
2026-09-03T22:23:03.904+00:00,REST,0,"TOFI,0,0,0,1"
2026-09-03T22:23:03.905+00:00,REST,0,"AUTO,2,0,0,0,0,NONE,NONE,0,3"
2026-09-03T22:23:03.905+00:00,REST,0,"MOTION,733870,1,0.00,200.00,0.0000,0.00,0.00"
2026-09-03T22:23:04.015+00:00,REST,0,"TEL,734021,-5.87,13.74,11.14,-1.67,91.15,-0.402,0.0"
2026-09-03T22:23:04.015+00:00,REST,0,"WHEEL,FL,0.00,-5.87,0,-458"
2026-09-03T22:23:04.015+00:00,REST,0,"WHEEL,FR,0.00,13.74,0,1367"
2026-09-03T22:23:04.015+00:00,REST,0,"WHEEL,BL,0.00,11.14,0,1678"
2026-09-03T22:23:04.047+00:00,REST,0,"WHEEL,BR,0.00,-1.67,0,-654"
2026-09-03T22:23:04.047+00:00,REST,0,"POSE,252.2,1390.9,91.13,0"
2026-09-03T22:23:04.047+00:00,REST,0,"SYS,WAIT_START,0,1,8,MANUAL,RED,0"
2026-09-03T22:23:04.077+00:00,REST,0,"HDG,91.15,90.17,-0.97,1,1"
2026-09-03T22:23:04.077+00:00,REST,0,"TOF,260.0,0,170,-90.0"
2026-09-03T22:23:04.077+00:00,REST,0,"TOFI,0,0,0,1"
2026-09-03T22:23:04.109+00:00,REST,0,"AUTO,2,0,0,0,0,NONE,NONE,0,3"
2026-09-03T22:23:04.109+00:00,REST,0,"MOTION,734070,0,0.00,0.00,0.0000,0.00,0.00"
2026-09-03T22:23:04.250+00:00,REST,0,"TEL,734222,-0.07,0.56,0.28,1.76,91.29,-0.402,0.0"
2026-09-03T22:23:04.250+00:00,REST,0,"WHEEL,FL,0.00,-0.07,0,-456"
2026-09-03T22:23:04.250+00:00,REST,0,"WHEEL,FR,0.00,0.56,0,1369"
2026-09-03T22:23:04.250+00:00,REST,0,"WHEEL,BL,0.00,0.28,0,1680"
2026-09-03T22:23:04.250+00:00,REST,0,"WHEEL,BR,0.00,1.76,0,-651"
2026-09-03T22:23:04.250+00:00,REST,0,"POSE,252.4,1393.2,91.29,0"
2026-09-03T22:23:04.250+00:00,REST,0,"SYS,WAIT_START,0,1,8,MANUAL,RED,0"
2026-09-03T22:23:04.281+00:00,REST,0,"HDG,91.29,90.17,-1.12,1,1"
2026-09-03T22:23:04.281+00:00,REST,0,"TOF,260.0,0,170,-90.0"
2026-09-03T22:23:04.281+00:00,REST,0,"TOFI,0,0,0,1"
2026-09-03T22:23:04.359+00:00,REST,0,"AUTO,2,0,0,0,0,NONE,NONE,0,3"
2026-09-03T22:23:04.359+00:00,REST,0,"MOTION,734270,0,0.00,0.00,0.0000,0.00,0.00"
2026-09-03T22:23:04.438+00:00,RIGHT_200,-200,"TEL,734422,-0.00,0.01,0.01,0.04,91.30,-0.402,0.0"
2026-09-03T22:23:04.439+00:00,RIGHT_200,-200,"WHEEL,FL,0.00,-0.00,0,-456"
2026-09-03T22:23:04.439+00:00,RIGHT_200,-200,"WHEEL,FR,0.00,0.01,0,1369"
2026-09-03T22:23:04.439+00:00,RIGHT_200,-200,"WHEEL,BL,0.00,0.01,0,1680"
2026-09-03T22:23:04.439+00:00,RIGHT_200,-200,"WHEEL,BR,0.00,0.04,0,-651"
2026-09-03T22:23:04.439+00:00,RIGHT_200,-200,"POSE,252.4,1393.2,91.29,0"
2026-09-03T22:23:04.471+00:00,RIGHT_200,-200,"SYS,WAIT_START,0,1,8,MANUAL,RED,0"
2026-09-03T22:23:04.471+00:00,RIGHT_200,-200,"HDG,91.30,90.17,-1.12,1,1"
2026-09-03T22:23:04.471+00:00,RIGHT_200,-200,"TOF,260.0,0,170,-90.0"
2026-09-03T22:23:04.471+00:00,RIGHT_200,-200,"TOFI,0,0,0,1"
2026-09-03T22:23:04.502+00:00,RIGHT_200,-200,"AUTO,2,0,0,0,0,NONE,NONE,0,3"
2026-09-03T22:23:04.502+00:00,RIGHT_200,-200,"MOTION,734470,0,0.00,0.00,0.0000,0.00,0.00"
2026-09-03T22:23:04.596+00:00,RIGHT_200,-200,"TEL,734622,21.81,-28.83,-8.84,24.19,90.88,-0.402,0.0"
2026-09-03T22:23:04.596+00:00,RIGHT_200,-200,"WHEEL,FL,48.68,21.81,64,-444"
2026-09-03T22:23:04.628+00:00,RIGHT_200,-200,"WHEEL,FR,-48.68,-28.83,-52,1356"
2026-09-03T22:23:04.628+00:00,RIGHT_200,-200,"WHEEL,BL,-27.71,-8.84,-48,1677"
2026-09-03T22:23:04.628+00:00,RIGHT_200,-200,"WHEEL,BR,27.71,24.19,33,-642"
2026-09-03T22:23:04.660+00:00,RIGHT_200,-200,"POSE,262.0,1394.7,90.88,0"
2026-09-03T22:23:04.660+00:00,RIGHT_200,-200,"SYS,WAIT_START,0,1,8,MANUAL,RED,0"
2026-09-03T22:23:04.691+00:00,RIGHT_200,-200,"HDG,90.88,90.17,-0.71,1,1"
2026-09-03T22:23:04.691+00:00,RIGHT_200,-200,"TOF,260.0,0,170,-90.0"
2026-09-03T22:23:04.691+00:00,RIGHT_200,-200,"TOFI,0,0,0,1"
2026-09-03T22:23:04.691+00:00,RIGHT_200,-200,"AUTO,2,0,0,0,0,NONE,NONE,0,3"
2026-09-03T22:23:04.723+00:00,RIGHT_200,-200,"MOTION,734674,1,0.00,-200.00,-0.1800,0.00,0.00"
2026-09-03T22:23:04.786+00:00,RIGHT_200,-200,"TEL,734823,20.66,-15.62,-36.93,42.92,89.82,-0.402,0.0"
2026-09-03T22:23:04.786+00:00,RIGHT_200,-200,"WHEEL,FL,27.71,20.66,44,-406"
2026-09-03T22:23:04.817+00:00,RIGHT_200,-200,"WHEEL,FR,-27.71,-15.62,-42,1328"
2026-09-03T22:23:04.847+00:00,RIGHT_200,-200,"WHEEL,BL,-48.68,-36.93,-47,1650"
2026-09-03T22:23:04.847+00:00,RIGHT_200,-200,"WHEEL,BR,48.68,42.92,39,-613"
2026-09-03T22:23:04.847+00:00,RIGHT_200,-200,"POSE,294.0,1397.9,89.67,0"
2026-09-03T22:23:04.847+00:00,RIGHT_200,-200,"SYS,WAIT_START,0,1,8,MANUAL,RED,0"
2026-09-03T22:23:04.926+00:00,RIGHT_200,-200,"HDG,89.82,90.17,0.35,1,1"
2026-09-03T22:23:04.926+00:00,RIGHT_200,-200,"TOF,260.0,0,170,-90.0"
2026-09-03T22:23:04.926+00:00,RIGHT_200,-200,"TOFI,0,0,0,1"
2026-09-03T22:23:04.926+00:00,RIGHT_200,-200,"AUTO,2,0,0,0,0,NONE,NONE,0,3"
2026-09-03T22:23:04.926+00:00,RIGHT_200,-200,"MOTION,734875,1,0.00,-200.00,0.1800,0.00,0.00"
2026-09-03T22:23:04.988+00:00,RIGHT_200,-200,"TEL,735023,30.50,-39.08,-18.70,15.48,91.38,-0.402,0.0"
2026-09-03T22:23:04.988+00:00,RIGHT_200,-200,"WHEEL,FL,48.68,30.50,58,-390"
2026-09-03T22:23:05.020+00:00,RIGHT_200,-200,"WHEEL,FR,-48.68,-39.08,-45,1303"
2026-09-03T22:23:05.051+00:00,RIGHT_200,-200,"WHEEL,BL,-27.71,-18.70,-41,1625"
2026-09-03T22:23:05.051+00:00,RIGHT_200,-200,"WHEEL,BR,27.71,15.48,40,-586"
2026-09-03T22:23:05.051+00:00,RIGHT_200,-200,"POSE,318.4,1396.7,91.38,0"
2026-09-03T22:23:05.051+00:00,RIGHT_200,-200,"SYS,WAIT_START,0,1,8,MANUAL,RED,0"
2026-09-03T22:23:05.083+00:00,RIGHT_200,-200,"HDG,91.38,90.17,-1.21,1,1"
2026-09-03T22:23:05.083+00:00,RIGHT_200,-200,"TOF,260.0,0,170,-90.0"
2026-09-03T22:23:05.158+00:00,RIGHT_200,-200,"TOFI,0,0,0,1"
2026-09-03T22:23:05.158+00:00,RIGHT_200,-200,"AUTO,2,0,0,0,0,NONE,NONE,0,3"
2026-09-03T22:23:05.158+00:00,RIGHT_200,-200,"MOTION,735075,1,0.00,-200.00,-0.1800,0.00,0.00"
2026-09-03T22:23:05.190+00:00,RIGHT_200,-200,"TEL,735223,40.79,-19.26,-25.02,34.87,90.22,-0.402,0.0"
2026-09-03T22:23:05.190+00:00,RIGHT_200,-200,"WHEEL,FL,38.20,40.79,40,-344"
2026-09-03T22:23:05.221+00:00,RIGHT_200,-200,"WHEEL,FR,-38.20,-19.26,-51,1284"
2026-09-03T22:23:05.253+00:00,RIGHT_200,-200,"WHEEL,BL,-38.20,-25.02,-47,1610"
2026-09-03T22:23:05.253+00:00,RIGHT_200,-200,"WHEEL,BR,38.20,34.87,36,-551"
2026-09-03T22:23:05.253+00:00,RIGHT_200,-200,"POSE,348.4,1409.2,90.22,0"
2026-09-03T22:23:05.253+00:00,RIGHT_200,-200,"SYS,WAIT_START,0,1,8,MANUAL,RED,0"
2026-09-03T22:23:05.285+00:00,RIGHT_200,-200,"HDG,90.22,90.17,-0.05,1,1"
2026-09-03T22:23:05.285+00:00,RIGHT_200,-200,"TOF,260.0,0,170,-90.0"
2026-09-03T22:23:05.317+00:00,RIGHT_200,-200,"TOFI,0,0,0,1"
2026-09-03T22:23:05.317+00:00,RIGHT_200,-200,"AUTO,2,0,0,0,0,NONE,NONE,0,3"
2026-09-03T22:23:05.317+00:00,RIGHT_200,-200,"MOTION,735275,1,0.00,-200.00,0.0000,0.00,0.00"
2026-09-03T22:23:05.411+00:00,RIGHT_200,-200,"TEL,735424,27.48,-27.38,-24.43,24.30,90.40,-0.402,0.0"
2026-09-03T22:23:05.411+00:00,RIGHT_200,-200,"WHEEL,FL,38.20,27.48,51,-318"
2026-09-03T22:23:05.411+00:00,RIGHT_200,-200,"WHEEL,FR,-38.20,-27.38,-46,1258"
2026-09-03T22:23:05.442+00:00,RIGHT_200,-200,"WHEEL,BL,-38.20,-24.43,-48,1581"
2026-09-03T22:23:05.442+00:00,RIGHT_200,-200,"WHEEL,BR,38.20,24.30,45,-522"
2026-09-03T22:23:05.520+00:00,RIGHT_200,-200,"POSE,377.2,1409.4,90.40,0"
2026-09-03T22:23:05.520+00:00,RIGHT_200,-200,"SYS,WAIT_START,0,1,8,MANUAL,RED,0"
2026-09-03T22:23:05.520+00:00,RIGHT_200,-200,"HDG,90.40,90.17,-0.23,1,1"
2026-09-03T22:23:05.520+00:00,RIGHT_200,-200,"TOF,260.0,0,170,-90.0"
2026-09-03T22:23:05.520+00:00,RIGHT_200,-200,"TOFI,0,0,0,1"
2026-09-03T22:23:05.520+00:00,RIGHT_200,-200,"AUTO,2,0,0,0,0,NONE,NONE,0,3"
2026-09-03T22:23:05.520+00:00,RIGHT_200,-200,"MOTION,735476,1,0.00,-200.00,0.0000,0.00,0.00"
2026-09-03T22:23:05.630+00:00,RIGHT_200,-200,"TEL,735624,37.81,-34.65,-24.86,31.64,90.12,-0.402,0.0"
2026-09-03T22:23:05.630+00:00,RIGHT_200,-200,"WHEEL,FL,38.20,37.81,43,-280"
2026-09-03T22:23:05.630+00:00,RIGHT_200,-200,"WHEEL,FR,-38.20,-34.65,-41,1230"
2026-09-03T22:23:05.630+00:00,RIGHT_200,-200,"WHEEL,BL,-38.20,-24.86,-48,1555"
2026-09-03T22:23:05.630+00:00,RIGHT_200,-200,"WHEEL,BR,38.20,31.64,39,-485"
2026-09-03T22:23:05.660+00:00,REST,0,".1,90.12,0"
2026-09-03T22:23:05.660+00:00,REST,0,"SYS,WAIT_START,0,1,8,MANUAL,RED,0"
2026-09-03T22:23:05.691+00:00,REST,0,"HDG,90.12,90.17,0.06,1,1"
2026-09-03T22:23:05.691+00:00,REST,0,"TOF,260.0,0,170,-90.0"
2026-09-03T22:23:05.691+00:00,REST,0,"TOFI,0,0,0,1"
2026-09-03T22:23:05.691+00:00,REST,0,"AUTO,2,0,0,0,0,NONE,NONE,0,3"
2026-09-03T22:23:05.721+00:00,REST,0,"MOTION,735676,1,0.00,-200.00,0.0000,0.00,0.00"
2026-09-03T22:23:05.829+00:00,REST,0,"TEL,735824,35.30,-61.76,-9.36,14.00,90.83,-0.402,0.0"
2026-09-03T22:23:05.829+00:00,REST,0,"WHEEL,FL,0.00,35.30,0,-259"
2026-09-03T22:23:05.829+00:00,REST,0,"WHEEL,FR,0.00,-61.76,0,1203"
2026-09-03T22:23:05.829+00:00,REST,0,"WHEEL,BL,0.00,-9.36,0,1532"
2026-09-03T22:23:05.829+00:00,REST,0,"WHEEL,BR,0.00,14.00,0,-459"
2026-09-03T22:23:05.829+00:00,REST,0,"POSE,436.4,1414.5,90.83,0"
2026-09-03T22:23:05.860+00:00,REST,0,"SYS,WAIT_START,0,1,8,MANUAL,RED,0"
2026-09-03T22:23:05.939+00:00,REST,0,"HDG,90.83,90.17,-0.66,1,1"
2026-09-03T22:23:05.939+00:00,REST,0,"TOF,260.0,0,170,-90.0"
2026-09-03T22:23:05.939+00:00,REST,0,"TOFI,0,0,0,1"
2026-09-03T22:23:05.939+00:00,REST,0,"AUTO,2,0,0,0,0,NONE,NONE,0,3"
2026-09-03T22:23:05.939+00:00,REST,0,"MOTION,735874,0,0.00,0.00,0.0000,0.00,0.00"
2026-09-03T22:23:06.050+00:00,REST,0,"TEL,736025,0.94,-1.42,0.98,0.31,89.79,-0.402,0.0"
2026-09-03T22:23:06.050+00:00,REST,0,"WHEEL,FL,0.00,0.94,0,-250"
2026-09-03T22:23:06.050+00:00,REST,0,"WHEEL,FR,0.00,-1.42,0,1197"
2026-09-03T22:23:06.050+00:00,REST,0,"WHEEL,BL,0.00,0.98,0,1536"
2026-09-03T22:23:06.050+00:00,REST,0,"WHEEL,BR,0.00,0.31,0,-458"
2026-09-03T22:23:06.050+00:00,REST,0,"POSE,439.5,1416.6,89.79,0"
2026-09-03T22:23:06.050+00:00,REST,0,"SYS,WAIT_START,0,1,8,MANUAL,RED,0"
2026-09-03T22:23:06.082+00:00,REST,0,"HDG,89.79,90.17,0.38,1,1"
2026-09-03T22:23:06.082+00:00,REST,0,"TOF,260.0,0,170,-90.0"
2026-09-03T22:23:06.082+00:00,REST,0,"TOFI,0,0,0,1"
2026-09-03T22:23:06.113+00:00,REST,0,"AUTO,2,0,0,0,0,NONE,NONE,0,3"
2026-09-03T22:23:06.114+00:00,REST,0,"MOTION,736073,0,0.00,0.00,0.0000,0.00,0.00"
2026-09-03T22:23:06.208+00:00,REST,0,"TEL,736228,0.02,-0.03,0.02,0.01,89.80,-0.402,0.0"
2026-09-03T22:23:06.208+00:00,REST,0,"WHEEL,FL,0.00,0.02,0,-250"
2026-09-03T22:23:06.208+00:00,REST,0,"WHEEL,FR,0.00,-0.03,0,1197"
2026-09-03T22:23:06.208+00:00,REST,0,"WHEEL,BL,0.00,0.02,0,1536"
2026-09-03T22:23:06.239+00:00,REST,0,"WHEEL,BR,0.00,0.01,0,-458"
2026-09-03T22:23:06.239+00:00,REST,0,"POSE,439.5,1416.6,89.79,0"
2026-09-03T22:23:06.271+00:00,LEFT_300,300,"TART,0,1,8,MANUAL,RED,0"
2026-09-03T22:23:06.271+00:00,LEFT_300,300,"HDG,89.80,90.17,0.37,1,1"
2026-09-03T22:23:06.271+00:00,LEFT_300,300,"TOF,260.0,0,170,-90.0"
2026-09-03T22:23:06.271+00:00,LEFT_300,300,"TOFI,0,0,0,1"
2026-09-03T22:23:06.302+00:00,LEFT_300,300,"AUTO,2,0,0,0,0,NONE,NONE,0,3"
2026-09-03T22:23:06.302+00:00,LEFT_300,300,"MOTION,736276,0,0.00,0.00,0.0000,0.00,0.00"
2026-09-03T22:23:06.396+00:00,LEFT_300,300,"TEL,736428,0.00,-0.00,0.00,0.00,89.78,-0.402,0.0"
2026-09-03T22:23:06.396+00:00,LEFT_300,300,"WHEEL,FL,-57.30,0.00,-89,-250"
2026-09-03T22:23:06.427+00:00,LEFT_300,300,"WHEEL,FR,57.30,-0.00,82,1197"
2026-09-03T22:23:06.427+00:00,LEFT_300,300,"WHEEL,BL,57.30,0.00,83,1536"
2026-09-03T22:23:06.427+00:00,LEFT_300,300,"WHEEL,BR,-57.30,0.00,-81,-458"
2026-09-03T22:23:06.459+00:00,LEFT_300,300,"POSE,439.5,1416.6,89.78,0"
2026-09-03T22:23:06.459+00:00,LEFT_300,300,"SYS,WAIT_START,0,1,8,MANUAL,RED,0"
2026-09-03T22:23:06.489+00:00,LEFT_300,300,"HDG,89.78,90.17,0.39,1,1"
2026-09-03T22:23:06.490+00:00,LEFT_300,300,"TOF,260.0,0,170,-90.0"
2026-09-03T22:23:06.490+00:00,LEFT_300,300,"TOFI,0,0,0,1"
2026-09-03T22:23:06.490+00:00,LEFT_300,300,"AUTO,2,0,0,0,0,NONE,NONE,0,3"
2026-09-03T22:23:06.568+00:00,LEFT_300,300,"MOTION,736478,1,0.00,300.00,0.0000,0.00,0.00"
2026-09-03T22:23:06.599+00:00,LEFT_300,300,"TEL,736629,-52.09,48.29,56.00,-55.93,91.98,-0.402,0.0"
2026-09-03T22:23:06.599+00:00,LEFT_300,300,"WHEEL,FL,-46.13,-52.09,-37,-326"
2026-09-03T22:23:06.631+00:00,LEFT_300,300,"WHEEL,FR,46.13,48.29,35,1254"
2026-09-03T22:23:06.631+00:00,LEFT_300,300,"WHEEL,BL,68.47,56.00,50,1653"
2026-09-03T22:23:06.631+00:00,LEFT_300,300,"WHEEL,BR,-68.47,-55.93,-48,-541"
2026-09-03T22:23:06.663+00:00,LEFT_300,300,"POSE,352.3,1418.9,91.92,0"
2026-09-03T22:23:06.663+00:00,LEFT_300,300,"SYS,WAIT_START,0,1,8,MANUAL,RED,0"
2026-09-03T22:23:06.694+00:00,LEFT_300,300,"HDG,91.98,90.17,-1.81,1,1"
2026-09-03T22:23:06.694+00:00,LEFT_300,300,"TOF,260.0,0,170,-90.0"
2026-09-03T22:23:06.694+00:00,LEFT_300,300,"TOFI,0,0,0,1"
2026-09-03T22:23:06.694+00:00,LEFT_300,300,"AUTO,2,0,0,0,0,NONE,NONE,0,3"
2026-09-03T22:23:06.724+00:00,LEFT_300,300,"MOTION,736681,1,0.00,300.00,-0.1918,0.00,0.00"
2026-09-03T22:23:06.803+00:00,LEFT_300,300,"TEL,736829,-50.38,40.76,51.28,-56.56,90.28,-0.402,0.0"
2026-09-03T22:23:06.803+00:00,LEFT_300,300,"WHEEL,FL,-57.30,-50.38,-50,-370"
2026-09-03T22:23:06.835+00:00,LEFT_300,300,"WHEEL,FR,57.30,40.76,52,1289"
2026-09-03T22:23:06.835+00:00,LEFT_300,300,"WHEEL,BL,57.30,51.28,43,1711"
2026-09-03T22:23:06.835+00:00,LEFT_300,300,"WHEEL,BR,-57.30,-56.56,-38,-599"
2026-09-03T22:23:06.866+00:00,LEFT_300,300,"POSE,301.3,1415.3,90.26,0"
2026-09-03T22:23:06.866+00:00,LEFT_300,300,"SYS,WAIT_START,0,1,8,MANUAL,RED,0"
2026-09-03T22:23:06.897+00:00,LEFT_300,300,"HDG,90.28,90.17,-0.11,1,1"
2026-09-03T22:23:06.897+00:00,LEFT_300,300,"TOF,260.0,0,170,-90.0"
2026-09-03T22:23:06.897+00:00,LEFT_300,300,"TOFI,0,0,0,1"
2026-09-03T22:23:06.897+00:00,LEFT_300,300,"AUTO,2,0,0,0,0,NONE,NONE,0,3"
2026-09-03T22:23:06.929+00:00,LEFT_300,300,"MOTION,736881,1,0.00,300.00,0.0000,0.00,0.00"
2026-09-03T22:23:07.038+00:00,LEFT_300,300,"TEL,737029,-36.75,37.51,70.11,-57.15,91.07,-0.402,0.0"
2026-09-03T22:23:07.038+00:00,LEFT_300,300,"WHEEL,FL,-46.81,-36.75,-50,-421"
2026-09-03T22:23:07.038+00:00,LEFT_300,300,"WHEEL,FR,46.81,37.51,44,1345"
2026-09-03T22:23:07.038+00:00,LEFT_300,300,"WHEEL,BL,67.78,70.11,39,1770"
2026-09-03T22:23:07.038+00:00,LEFT_300,300,"WHEEL,BR,-67.78,-57.15,-48,-643"
2026-09-03T22:23:07.070+00:00,LEFT_300,300,"POSE,246.3,1419.4,91.18,0"
2026-09-03T22:23:07.070+00:00,LEFT_300,300,"SYS,WAIT_START,0,1,8,MANUAL,RED,0"
2026-09-03T22:23:07.070+00:00,LEFT_300,300,"HDG,91.07,90.17,-0.90,1,1"
2026-09-03T22:23:07.070+00:00,LEFT_300,300,"TOF,260.0,0,170,-90.0"
2026-09-03T22:23:07.149+00:00,LEFT_300,300,"TOFI,0,0,0,1"
2026-09-03T22:23:07.150+00:00,LEFT_300,300,"AUTO,2,0,0,0,0,NONE,NONE,0,3"
2026-09-03T22:23:07.150+00:00,LEFT_300,300,"MOTION,737081,1,0.00,300.00,-0.1800,0.00,0.00"
2026-09-03T22:23:07.212+00:00,LEFT_300,300,"TEL,737229,-46.77,39.09,79.38,-54.73,90.81,-0.402,0.0"
2026-09-03T22:23:07.212+00:00,LEFT_300,300,"WHEEL,FL,-46.81,-46.77,-42,-471"
2026-09-03T22:23:07.212+00:00,LEFT_300,300,"WHEEL,FR,46.81,39.09,44,1383"
2026-09-03T22:23:07.244+00:00,LEFT_300,300,"WHEEL,BL,67.78,79.38,32,1819"
2026-09-03T22:23:07.244+00:00,LEFT_300,300,"WHEEL,BR,-67.78,-54.73,-51,-691"
2026-09-03T22:23:07.276+00:00,LEFT_300,300,"POSE,197.9,1416.0,90.87,0"
2026-09-03T22:23:07.276+00:00,LEFT_300,300,"SYS,WAIT_START,0,1,8,MANUAL,RED,0"
2026-09-03T22:23:07.276+00:00,LEFT_300,300,"HDG,90.81,90.17,-0.64,1,1"
2026-09-03T22:23:07.276+00:00,LEFT_300,300,"TOF,260.0,0,170,-90.0"
2026-09-03T22:23:07.307+00:00,LEFT_300,300,"TOFI,0,0,0,1"
2026-09-03T22:23:07.307+00:00,LEFT_300,300,"AUTO,2,0,0,0,0,NONE,NONE,0,3"
2026-09-03T22:23:07.307+00:00,LEFT_300,300,"MOTION,737281,1,0.00,300.00,-0.1800,0.00,0.00"
2026-09-03T22:23:07.401+00:00,LEFT_300,300,"TEL,737429,-56.24,42.51,40.43,-53.21,89.98,-0.402,0.0"
2026-09-03T22:23:07.401+00:00,LEFT_300,300,"WHEEL,FL,-57.30,-56.24,-46,-523"
2026-09-03T22:23:07.433+00:00,LEFT_300,300,"WHEEL,FR,57.30,42.51,52,1422"
2026-09-03T22:23:07.433+00:00,LEFT_300,300,"WHEEL,BL,57.30,40.43,52,1868"
2026-09-03T22:23:07.433+00:00,LEFT_300,300,"WHEEL,BR,-57.30,-53.21,-42,-747"
2026-09-03T22:23:07.511+00:00,LEFT_300,300,"POSE,146.6,1410.8,89.98,0"
2026-09-03T22:23:07.511+00:00,LEFT_300,300,"SYS,WAIT_START,0,1,8,MANUAL,RED,0"
2026-09-03T22:23:07.511+00:00,LEFT_300,300,"HDG,89.98,90.17,0.19,1,1"
2026-09-03T22:23:07.511+00:00,LEFT_300,300,"TOF,260.0,0,170,-90.0"
2026-09-03T22:23:07.511+00:00,LEFT_300,300,"TOFI,0,0,0,1"
2026-09-03T22:23:07.511+00:00,LEFT_300,300,"AUTO,2,0,0,0,0,NONE,NONE,0,3"
2026-09-03T22:23:07.511+00:00,LEFT_300,300,"MOTION,737481,1,0.00,300.00,0.0000,0.00,0.00"
2026-09-03T22:23:07.589+00:00,REST,0,"TEL,737629,-39.03,50.48,64.52,-45.83,90.24,-0.402,0.0"
2026-09-03T22:23:07.589+00:00,REST,0,"WHEEL,FL,-57.30,-39.03,-60,-567"
2026-09-03T22:23:07.620+00:00,REST,0,"WHEEL,FR,57.30,50.48,46,1481"
2026-09-03T22:23:07.652+00:00,REST,0,"WHEEL,BL,57.30,64.52,33,1933"
2026-09-03T22:23:07.652+00:00,REST,0,"WHEEL,BR,-57.30,-45.83,-48,-788"
2026-09-03T22:23:07.652+00:00,REST,0,"POSE,91.9,1421.3,90.24,0"
2026-09-03T22:23:07.652+00:00,REST,0,"SYS,WAIT_START,0,1,8,MANUAL,RED,0"
2026-09-03T22:23:07.682+00:00,REST,0,"HDG,90.24,90.17,-0.07,1,1"
2026-09-03T22:23:07.682+00:00,REST,0,"TOF,260.0,0,170,-90.0"
2026-09-03T22:23:07.714+00:00,REST,0,"TOFI,0,0,0,1"
2026-09-03T22:23:07.714+00:00,REST,0,"AUTO,2,0,0,0,0,NONE,NONE,0,3"
2026-09-03T22:23:07.714+00:00,REST,0,"MOTION,737680,1,0.00,300.00,0.0000,0.00,0.00"
2026-09-03T22:23:07.824+00:00,REST,0,"TEL,737830,-32.43,11.69,6.38,-9.37,91.47,-0.402,0.0"
2026-09-03T22:23:07.824+00:00,REST,0,"WHEEL,FL,0.00,-32.43,0,-619"
2026-09-03T22:23:07.824+00:00,REST,0,"WHEEL,FR,0.00,11.69,0,1515"
2026-09-03T22:23:07.824+00:00,REST,0,"WHEEL,BL,0.00,6.38,0,1961"
2026-09-03T22:23:07.855+00:00,REST,0,"WHEEL,BR,0.00,-9.37,0,-819"
2026-09-03T22:23:07.855+00:00,REST,0,"POSE,54.0,1415.6,91.47,0"
2026-09-03T22:23:07.855+00:00,REST,0,"SYS,WAIT_START,0,1,8,MANUAL,RED,0"
2026-09-03T22:23:07.934+00:00,REST,0,"HDG,91.47,90.17,-1.29,1,1"
2026-09-03T22:23:07.934+00:00,REST,0,"TOF,260.0,0,170,-90.0"
2026-09-03T22:23:07.934+00:00,REST,0,"TOFI,0,0,0,1"
2026-09-03T22:23:07.934+00:00,REST,0,"AUTO,2,0,0,0,0,NONE,NONE,0,3"
2026-09-03T22:23:07.934+00:00,REST,0,"MOTION,737879,0,0.00,0.00,0.0000,0.00,0.00"
2026-09-03T22:23:07.996+00:00,REST,0,"TEL,738030,-0.72,0.38,0.13,-0.15,92.04,-0.402,0.0"
2026-09-03T22:23:07.996+00:00,REST,0,"WHEEL,FL,0.00,-0.72,0,-621"
2026-09-03T22:23:08.027+00:00,REST,0,"WHEEL,FR,0.00,0.38,0,1521"
2026-09-03T22:23:08.027+00:00,REST,0,"WHEEL,BL,0.00,0.13,0,1961"
2026-09-03T22:23:08.059+00:00,REST,0,"WHEEL,BR,0.00,-0.15,0,-817"
2026-09-03T22:23:08.059+00:00,REST,0,"POSE,52.4,1417.1,92.04,0"
2026-09-03T22:23:08.059+00:00,REST,0,"SYS,WAIT_START,0,1,8,MANUAL,RED,0"
2026-09-03T22:23:08.089+00:00,REST,0,"HDG,92.04,90.17,-1.87,1,1"
2026-09-03T22:23:08.089+00:00,REST,0,"TOF,260.0,0,170,-90.0"
2026-09-03T22:23:08.089+00:00,REST,0,"TOFI,0,0,0,1"
2026-09-03T22:23:08.089+00:00,REST,0,"AUTO,2,0,0,0,0,NONE,NONE,0,3"
2026-09-03T22:23:08.168+00:00,REST,0,"MOTION,738078,0,0.00,0.00,0.0000,0.00,0.00"
2026-09-03T22:23:08.246+00:00,RIGHT_300,-300,
2026-09-03T22:23:08.247+00:00,RIGHT_300,-300,"WHEEL,FL,0.00,-0.01,0,-621"
2026-09-03T22:23:08.247+00:00,RIGHT_300,-300,"WHEEL,FR,0.00,0.01,0,1521"
2026-09-03T22:23:08.247+00:00,RIGHT_300,-300,"WHEEL,BL,0.00,0.00,0,1961"
2026-09-03T22:23:08.247+00:00,RIGHT_300,-300,"WHEEL,BR,0.00,-0.00,0,-817"
2026-09-03T22:23:08.247+00:00,RIGHT_300,-300,"POSE,52.4,1417.1,92.07,0"
2026-09-03T22:23:08.279+00:00,RIGHT_300,-300,"SYS,WAIT_START,0,1,8,MANUAL,RED,0"
2026-09-03T22:23:08.279+00:00,RIGHT_300,-300,"HDG,92.07,90.17,-1.90,1,1"
2026-09-03T22:23:08.279+00:00,RIGHT_300,-300,"TOF,260.0,1,170,-90.0"
2026-09-03T22:23:08.279+00:00,RIGHT_300,-300,"TOFI,0,0,0,1"
2026-09-03T22:23:08.309+00:00,RIGHT_300,-300,"AUTO,2,0,0,0,0,NONE,NONE,0,3"
2026-09-03T22:23:08.309+00:00,RIGHT_300,-300,"MOTION,738279,0,0.00,0.00,0.0000,0.00,0.00"
2026-09-03T22:23:08.434+00:00,RIGHT_300,-300,"TEL,738434,31.57,-83.82,-24.37,40.00,91.81,-0.402,0.0"
2026-09-03T22:23:08.434+00:00,RIGHT_300,-300,"WHEEL,FL,67.78,31.57,75,-608"
2026-09-03T22:23:08.434+00:00,RIGHT_300,-300,"WHEEL,FR,-67.78,-83.82,-27,1495"
2026-09-03T22:23:08.466+00:00,RIGHT_300,-300,"WHEEL,BL,-46.81,-24.37,-54,1954"
2026-09-03T22:23:08.466+00:00,RIGHT_300,-300,"WHEEL,BR,46.81,40.00,39,-806"
2026-09-03T22:23:08.497+00:00,RIGHT_300,-300,"POSE,67.4,1415.3,91.77,0"
2026-09-03T22:23:08.497+00:00,RIGHT_300,-300,"SYS,WAIT_START,0,1,8,MANUAL,RED,0"
2026-09-03T22:23:08.497+00:00,RIGHT_300,-300,"HDG,91.81,90.17,-1.63,1,1"
2026-09-03T22:23:08.497+00:00,RIGHT_300,-300,"TOF,260.0,1,170,-90.0"
2026-09-03T22:23:08.529+00:00,RIGHT_300,-300,"TOFI,0,0,0,1"
2026-09-03T22:23:08.529+00:00,RIGHT_300,-300,"AUTO,2,0,0,0,0,NONE,NONE,0,3"
2026-09-03T22:23:08.529+00:00,RIGHT_300,-300,"MOTION,738486,1,0.00,-300.00,-0.1800,0.00,0.00"
2026-09-03T22:23:08.624+00:00,RIGHT_300,-300,"TEL,738634,50.67,-33.93,-52.01,56.42,90.62,-0.402,0.0"
2026-09-03T22:23:08.624+00:00,RIGHT_300,-300,"WHEEL,FL,57.30,50.67,50,-545"
2026-09-03T22:23:08.656+00:00,RIGHT_300,-300,"WHEEL,FR,-57.30,-33.93,-56,1465"
2026-09-03T22:23:08.656+00:00,RIGHT_300,-300,"WHEEL,BL,-57.30,-52.01,-43,1920"
2026-09-03T22:23:08.656+00:00,RIGHT_300,-300,"WHEEL,BR,57.30,56.42,37,-762"
2026-09-03T22:23:08.733+00:00,RIGHT_300,-300,"POSE,111.8,1427.5,90.50,0"
2026-09-03T22:23:08.733+00:00,RIGHT_300,-300,"SYS,WAIT_START,0,1,8,MANUAL,RED,0"
2026-09-03T22:23:08.733+00:00,RIGHT_300,-300,"HDG,90.62,90.17,-0.45,1,1"
2026-09-03T22:23:08.733+00:00,RIGHT_300,-300,"TOF,260.0,1,170,-90.0"
2026-09-03T22:23:08.733+00:00,RIGHT_300,-300,"TOFI,0,0,0,1"
2026-09-03T22:23:08.733+00:00,RIGHT_300,-300,"AUTO,2,0,0,0,0,NONE,NONE,0,3"
2026-09-03T22:23:08.843+00:00,RIGHT_300,-300,"MOTIONTEL,738836,51.50,-47.01,-32.63,46.01,90.03,-0.402,0.0"
2026-09-03T22:23:08.843+00:00,RIGHT_300,-300,"WHEEL,FL,57.30,51.50,50,-487"
2026-09-03T22:23:08.843+00:00,RIGHT_300,-300,"WHEEL,FR,-57.30,-47.01,-47,1420"
2026-09-03T22:23:08.875+00:00,RIGHT_300,-300,"WHEEL,BL,-57.30,-32.63,-59,1878"
2026-09-03T22:23:08.875+00:00,RIGHT_300,-300,"WHEEL,BR,57.30,46.01,45,-711"
2026-09-03T22:23:08.875+00:00,RIGHT_300,-300,"POSE,163.1,1433.7,90.03,0"
2026-09-03T22:23:08.875+00:00,RIGHT_300,-300,"SYS,WAIT_START,0,1,8,MANUAL,RED,0"
2026-09-03T22:23:08.952+00:00,RIGHT_300,-300,"HDG,90.03,90.17,0.14,1,1"
2026-09-03T22:23:08.952+00:00,RIGHT_300,-300,"TOF,260.0,1,170,-90.0"
2026-09-03T22:23:08.952+00:00,RIGHT_300,-300,"TOFI,0,0,0,1"
2026-09-03T22:23:08.952+00:00,RIGHT_300,-300,"AUTO,2,0,0,0,0,NONE,NONE,0,3"
2026-09-03T22:23:08.952+00:00,RIGHT_300,-300,"MOTION,738888,1,0.00,-300.00,0.0000,0.00,0.00"
2026-09-03T22:23:09.059+00:00,RIGHT_300,-300,"TEL,739036,56.98,-66.40,-36.86,37.31,91.27,-0.402,0.0"
2026-09-03T22:23:09.059+00:00,RIGHT_300,-300,"WHEEL,FL,67.78,56.98,57,-448"
2026-09-03T22:23:09.059+00:00,RIGHT_300,-300,"WHEEL,FR,-67.78,-66.40,-43,1379"
2026-09-03T22:23:09.059+00:00,RIGHT_300,-300,"WHEEL,BL,-46.81,-36.86,-46,1818"
2026-09-03T22:23:09.059+00:00,RIGHT_300,-300,"WHEEL,BR,46.81,37.31,42,-661"
2026-09-03T22:23:09.089+00:00,RIGHT_300,-300,"POSE,212.9,1431.3,91.46,0"
2026-09-03T22:23:09.089+00:00,RIGHT_300,-300,"SYS,WAIT_START,0,1,8,MANUAL,RED,0"
2026-09-03T22:23:09.089+00:00,RIGHT_300,-300,"HDG,91.27,90.17,-1.10,1,1"
2026-09-03T22:23:09.089+00:00,RIGHT_300,-300,"TOF,260.0,1,170,-90.0"
2026-09-03T22:23:09.121+00:00,RIGHT_300,-300,"TOFI,0,0,0,1"
2026-09-03T22:23:09.121+00:00,RIGHT_300,-300,"AUTO,2,0,0,0,0,NONE,NONE,0,3"
2026-09-03T22:23:09.152+00:00,RIGHT_300,-300,"MOTION,739088,1,0.00,-300.00,-0.1800,0.00,0.00"
2026-09-03T22:23:09.214+00:00,RIGHT_300,-300,"TEL,739236,49.39,-48.86,-40.80,54.18,90.24,-0.402,0.0"
2026-09-03T22:23:09.214+00:00,RIGHT_300,-300,"WHEEL,FL,57.30,49.39,53,-395"
2026-09-03T22:23:09.293+00:00,RIGHT_300,-300,"WHEEL,FR,-57.30,-48.86,-47,1335"
2026-09-03T22:23:09.293+00:00,RIGHT_300,-300,"WHEEL,BL,-57.30,-40.80,-54,1775"
2026-09-03T22:23:09.293+00:00,RIGHT_300,-300,"WHEEL,BR,57.30,54.18,40,-613"
2026-09-03T22:23:09.293+00:00,RIGHT_300,-300,"POSE,262.1,1435.2,90.24,0"
2026-09-03T22:23:09.293+00:00,RIGHT_300,-300,"SYS,WAIT_START,0,1,8,MANUAL,RED,0"
2026-09-03T22:23:09.293+00:00,RIGHT_300,-300,"HDG,90.24,90.17,-0.07,1,1"
2026-09-03T22:23:09.293+00:00,RIGHT_300,-300,"TOF,260.0,1,170,-90.0"
2026-09-03T22:23:09.324+00:00,RIGHT_300,-300,"TOFI,0,0,0,1"
2026-09-03T22:23:09.324+00:00,RIGHT_300,-300,"AUTO,2,0,0,0,0,NONE,NONE,0,3"
2026-09-03T22:23:09.403+00:00,RIGHT_300,-300,"MOTION,739288,1,0.00,-300.00,0.0000,0.00,0.00"
2026-09-03T22:23:09.481+00:00,REST,0,",0.0"
2026-09-03T22:23:09.481+00:00,REST,0,"WHEEL,FL,57.30,51.23,52,-348"
2026-09-03T22:23:09.481+00:00,REST,0,"WHEEL,FR,-57.30,-46.63,-50,1297"
2026-09-03T22:23:09.481+00:00,REST,0,"WHEEL,BL,-57.30,-44.12,-52,1727"
2026-09-03T22:23:09.481+00:00,REST,0,"WHEEL,BR,57.30,48.55,44,-564"
2026-09-03T22:23:09.481+00:00,REST,0,"POSE,309.7,1438.2,90.44,0"
2026-09-03T22:23:09.481+00:00,REST,0,"SYS,WAIT_START,0,1,8,MANUAL,RED,0"
2026-09-03T22:23:09.512+00:00,REST,0,"HDG,90.42,90.17,-0.25,1,1"
2026-09-03T22:23:09.512+00:00,REST,0,"TOF,260.0,1,170,-90.0"
2026-09-03T22:23:09.512+00:00,REST,0,"TOFI,0,0,0,1"
2026-09-03T22:23:09.512+00:00,REST,0,"AUTO,2,0,0,0,0,NONE,NONE,0,3"
2026-09-03T22:23:09.591+00:00,REST,0,"MOTION,739488,1,0.00,-300.00,0.0000,0.00,0.00"
2026-09-03T22:23:09.623+00:00,REST,0,"TEL,739652,33.99,-27.73,-8.02,28.85,90.23,-0.402,0.0"
2026-09-03T22:23:09.623+00:00,REST,0,"WHEEL,FL,0.00,33.99,0,-294"
2026-09-03T22:23:09.701+00:00,REST,0,"WHEEL,FR,0.00,-27.73,0,1254"
2026-09-03T22:23:09.701+00:00,REST,0,"WHEEL,BL,0.00,-8.02,0,1689"
2026-09-03T22:23:09.701+00:00,REST,0,"WHEEL,BR,0.00,28.85,0,-513"
2026-09-03T22:23:09.701+00:00,REST,0,"POSE,358.3,1445.1,90.23,0"
2026-09-03T22:23:09.701+00:00,REST,0,"SYS,WAIT_START,0,1,8,MANUAL,RED,0"
2026-09-03T22:23:09.701+00:00,REST,0,"HDG,90.23,90.17,-0.06,1,1"
2026-09-03T22:23:09.701+00:00,REST,0,"TOF,260.0,0,170,-90.0"
2026-09-03T22:23:09.701+00:00,REST,0,"TOFI,0,0,0,1"
2026-09-03T22:23:09.732+00:00,REST,0,"AUTO,2,0,0,0,0,NONE,NONE,0,3"
2026-09-03T22:23:09.732+00:00,REST,0,"MOTION,739701,0,0.00,0.00,0.0000,0.00,0.00"
2026-09-03T22:23:09.858+00:00,REST,0,"TEL,739858,0.87,-0.47,-1.05,0.45,89.74,-0.402,0.0"
2026-09-03T22:23:09.858+00:00,REST,0,"WHEEL,FL,0.00,0.87,0,-287"
2026-09-03T22:23:09.858+00:00,REST,0,"WHEEL,FR,0.00,-0.47,0,1249"
2026-09-03T22:23:09.858+00:00,REST,0,"WHEEL,BL,0.00,-1.05,0,1689"
2026-09-03T22:23:09.935+00:00,REST,0,"WHEEL,BR,0.00,0.45,0,-510"
2026-09-03T22:23:09.935+00:00,REST,0,"POSE,362.2,1446.4,89.74,0"
2026-09-03T22:23:09.935+00:00,REST,0,"SYS,WAIT_START,0,1,8,MANUAL,RED,0"
2026-09-03T22:23:09.935+00:00,REST,0,"HDG,89.74,90.17,0.43,1,1"
2026-09-03T22:23:09.935+00:00,REST,0,"TOF,260.0,0,170,-90.0"
2026-09-03T22:23:09.935+00:00,REST,0,"TOFI,0,0,0,1"
2026-09-03T22:23:09.935+00:00,REST,0,"AUTO,2,0,0,0,0,NONE,NONE,0,3"
2026-09-03T22:23:09.966+00:00,REST,0,"MOTION,739907,0,0.00,0.00,0.0000,0.00,0.00"
2026-09-03T22:23:10.044+00:00,REST,0,"TEL,740058,0.02,-0.01,-0.02,0.01,89.71,-0.402,0.0"
2026-09-03T22:23:10.044+00:00,REST,0,"WHEEL,FL,0.00,0.02,0,-287"
2026-09-03T22:23:10.124+00:00,LEFT_400,400,"0,1249"
2026-09-03T22:23:10.124+00:00,LEFT_400,400,"WHEEL,BL,0.00,-0.02,0,1689"
2026-09-03T22:23:10.124+00:00,LEFT_400,400,"WHEEL,BR,0.00,0.01,0,-510"
2026-09-03T22:23:10.124+00:00,LEFT_400,400,"POSE,362.2,1446.4,89.71,0"
2026-09-03T22:23:10.124+00:00,LEFT_400,400,"SYS,WAIT_START,0,1,8,MANUAL,RED,0"
2026-09-03T22:23:10.124+00:00,LEFT_400,400,"HDG,89.71,90.17,0.46,1,1"
2026-09-03T22:23:10.124+00:00,LEFT_400,400,"TOF,260.0,0,170,-90.0"
2026-09-03T22:23:10.124+00:00,LEFT_400,400,"TOFI,0,0,0,1"
2026-09-03T22:23:10.155+00:00,LEFT_400,400,"AUTO,2,0,0,0,0,NONE,NONE,0,3"
2026-09-03T22:23:10.155+00:00,LEFT_400,400,"MOTION,740106,0,0.00,0.00,0.0000,0.00,0.00"
2026-09-03T22:23:10.235+00:00,LEFT_400,400,"TEL,740261,-57.55,63.44,91.12,-63.44,89.94,-0.402,0.0"
2026-09-03T22:23:10.235+00:00,LEFT_400,400,"WHEEL,FL,-76.39,-57.55,-63,-304"
2026-09-03T22:23:10.267+00:00,LEFT_400,400,"WHEEL,FR,76.39,63.44,51,1267"
2026-09-03T22:23:10.344+00:00,LEFT_400,400,"WHEEL,BL,76.39,91.12,30,1715"
2026-09-03T22:23:10.344+00:00,LEFT_400,400,"WHEEL,BR,-76.39,-63.44,-50,-528"
2026-09-03T22:23:10.344+00:00,LEFT_400,400,"POSE,341.6,1448.8,89.94,0"
2026-09-03T22:23:10.344+00:00,LEFT_400,400,"SYS,WAIT_START,0,1,8,MANUAL,RED,0"
2026-09-03T22:23:10.344+00:00,LEFT_400,400,"HDG,89.94,90.17,0.23,1,1"
2026-09-03T22:23:10.344+00:00,LEFT_400,400,"TOF,260.0,0,170,-90.0"
2026-09-03T22:23:10.344+00:00,LEFT_400,400,"TOFI,0,0,0,1"
2026-09-03T22:23:10.344+00:00,LEFT_400,400,"AUTO,2,0,0,0,0,NONE,NONE,0,3"
2026-09-03T22:23:10.376+00:00,LEFT_400,400,"MOTION,740313,1,0.00,400.00,0.0000,0.00,0.00"
2026-09-03T22:23:10.453+00:00,LEFT_400,400,"TEL,740461,-64.86,52.02,77.68,-59.55,92.05,-0.402,0.0"
2026-09-03T22:23:10.454+00:00,LEFT_400,400,"WHEEL,FL,-65.91,-64.86,-47,-373"
2026-09-03T22:23:10.454+00:00,LEFT_400,400,"WHEEL,FR,65.91,52.02,51,1313"
2026-09-03T22:23:10.485+00:00,LEFT_400,400,"WHEEL,BL,86.88,77.68,51,1784"
2026-09-03T22:23:10.486+00:00,LEFT_400,400,"WHEEL,BR,-86.88,-59.55,-64,-581"
2026-09-03T22:23:10.564+00:00,LEFT_400,400,"POSE,279.6,1445.2,92.03,0"
2026-09-03T22:23:10.564+00:00,LEFT_400,400,"SYS,WAIT_START,0,1,8,MANUAL,RED,0"
2026-09-03T22:23:10.564+00:00,LEFT_400,400,"HDG,92.05,90.17,-1.88,1,1"
2026-09-03T22:23:10.564+00:00,LEFT_400,400,"TOF,260.0,0,170,-90.0"
2026-09-03T22:23:10.564+00:00,LEFT_400,400,"TOFI,0,0,0,1"
2026-09-03T22:23:10.564+00:00,LEFT_400,400,"AUTO,2,0,0,0,0,NONE,NONE,0,3"
2026-09-03T22:23:10.564+00:00,LEFT_400,400,"MOTION,740513,1,0.00,400.00,-0.1800,0.00,0.00"
2026-09-03T22:23:10.658+00:00,LEFT_400,400,"TEL,740662,-79.06,74.78,75.93,-75.94,90.18,-0.402,0.0"
2026-09-03T22:23:10.658+00:00,LEFT_400,400,"WHEEL,FL,-76.39,-79.06,-46,-445"
2026-09-03T22:23:10.658+00:00,LEFT_400,400,"WHEEL,FR,76.39,74.78,44,1381"
2026-09-03T22:23:10.690+00:00,LEFT_400,400,"WHEEL,BL,76.39,75.93,43,1863"
2026-09-03T22:23:10.690+00:00,LEFT_400,400,"WHEEL,BR,-76.39,-75.94,-42,-671"
2026-09-03T22:23:10.690+00:00,LEFT_400,400,"POSE,198.8,1440.1,90.18,0"
2026-09-03T22:23:10.690+00:00,LEFT_400,400,"SYS,WAIT_START,0,1,8,MANUAL,RED,0"
2026-09-03T22:23:10.721+00:00,LEFT_400,400,"HDG,90.18,90.17,-0.01,1,1"
2026-09-03T22:23:10.721+00:00,LEFT_400,400,"TOF,260.0,0,170,-90.0"
2026-09-03T22:23:10.800+00:00,LEFT_400,400,"TOFI,0,0,0,1"
2026-09-03T22:23:10.800+00:00,LEFT_400,400,"AUTO,2,0,0,0,0,NONE,NONE,0,3"
2026-09-03T22:23:10.800+00:00,LEFT_400,400,"MOTION,740714,1,0.00,400.00,0.0000,0.00,0.00"
2026-09-03T22:23:10.831+00:00,LEFT_400,400,"TEL,740862,-75.48,70.20,71.06,-63.23,90.70,-0.402,0.0"
2026-09-03T22:23:10.831+00:00,LEFT_400,400,"WHEEL,FL,-76.39,-75.48,-49,-510"
2026-09-03T22:23:10.911+00:00,LEFT_400,400,"WHEEL,FR,76.39,70.20,48,1434"
2026-09-03T22:23:10.911+00:00,LEFT_400,400,"WHEEL,BL,76.39,71.06,47,1922"
2026-09-03T22:23:10.911+00:00,LEFT_400,400,"WHEEL,BR,-76.39,-63.23,-52,-727"
2026-09-03T22:23:10.911+00:00,LEFT_400,400,"POSE,137.8,1437.4,90.60,0"
2026-09-03T22:23:10.911+00:00,LEFT_400,400,"SYS,WAIT_START,0,1,8,MANUAL,RED,0"
2026-09-03T22:23:10.911+00:00,LEFT_400,400,"HDG,90.70,90.17,-0.53,1,1"
2026-09-03T22:23:10.911+00:00,LEFT_400,400,"TOF,260.0,0,170,-90.0"
2026-09-03T22:23:10.942+00:00,LEFT_400,400,"TOFI,0,0,0,1"
2026-09-03T22:23:10.942+00:00,LEFT_400,400,"AUTO,2,0,0,0,0,NONE,NONE,0,3"
2026-09-03T22:23:11.021+00:00,LEFT_400,400,"MOTION,740914,1,0.00,400.00,0.0000,0.00,0.00"
2026-09-03T22:23:11.052+00:00,LEFT_400,400,"TEL,741062,-70.53,68.90,70.77,-70.21,90.08,-0.402,0.0"
2026-09-03T22:23:11.052+00:00,LEFT_400,400,"WHEEL,FL,-76.39,-70.53,-53,-576"
2026-09-03T22:23:11.052+00:00,LEFT_400,400,"WHEEL,FR,76.39,68.90,50,1496"
2026-09-03T22:23:11.130+00:00,LEFT_400,400,"WHEEL,BL,76.39,70.77,48,1994"
2026-09-03T22:23:11.130+00:00,LEFT_400,400,"WHEEL,BR,-76.39,-70.21,-47,-799"
2026-09-03T22:23:11.130+00:00,LEFT_400,400,"POSE,66.6,1435.9,90.08,0"
2026-09-03T22:23:11.130+00:00,LEFT_400,400,"SYS,WAIT_START,0,1,8,MANUAL,RED,0"
2026-09-03T22:23:11.130+00:00,LEFT_400,400,"HDG,90.08,90.17,0.10,1,1"
2026-09-03T22:23:11.130+00:00,LEFT_400,400,"TOF,260.0,0,170,-90.0"
2026-09-03T22:23:11.130+00:00,LEFT_400,400,"TOFI,0,0,0,1"
2026-09-03T22:23:11.130+00:00,LEFT_400,400,"AUTO,2,0,0,0,0,NONE,NONE,0,3"
2026-09-03T22:23:11.161+00:00,LEFT_400,400,"MOTION,741113,1,0.00,400.00,0.0000,0.00,0.00"
2026-09-03T22:23:11.254+00:00,LEFT_400,400,"TEL,741262,-66.69,73.64,79.52,-63.39,90.18,-0.402,0.0"
2026-09-03T22:23:11.254+00:00,LEFT_400,400,"WHEEL,FL,-76.39,-66.69,-57,-644"
2026-09-03T22:23:11.254+00:00,LEFT_400,400,"WHEEL,FR,76.39,73.64,46,1565"
2026-09-03T22:23:11.286+00:00,REST,0,
2026-09-03T22:23:11.286+00:00,REST,0,"WHEEL,BR,-76.39,-63.39,-53,-862"
2026-09-03T22:23:11.317+00:00,REST,0,"POSE,-4.9,1438.7,90.18,0"
2026-09-03T22:23:11.317+00:00,REST,0,"SYS,WAIT_START,0,1,8,MANUAL,RED,0"
2026-09-03T22:23:11.317+00:00,REST,0,"HDG,90.18,90.17,-0.01,1,1"
2026-09-03T22:23:11.317+00:00,REST,0,"TOF,260.0,0,170,-90.0"
2026-09-03T22:23:11.347+00:00,REST,0,"TOFI,0,0,0,1"
2026-09-03T22:23:11.347+00:00,REST,0,"AUTO,2,0,0,0,0,NONE,NONE,0,3"
2026-09-03T22:23:11.378+00:00,REST,0,"MOTION,741314,1,0.00,400.00,0.0000,0.00,0.00"
2026-09-03T22:23:11.457+00:00,REST,0,"TEL,741462,-63.55,44.84,87.15,-69.93,90.43,-0.402,0.0"
2026-09-03T22:23:11.457+00:00,REST,0,"WHEEL,FL,0.00,-63.55,0,-719"
2026-09-03T22:23:11.457+00:00,REST,0,"WHEEL,FR,0.00,44.84,0,1624"
2026-09-03T22:23:11.457+00:00,REST,0,"WHEEL,BL,0.00,87.15,0,2140"
2026-09-03T22:23:11.488+00:00,REST,0,"WHEEL,BR,0.00,-69.93,0,-935"
2026-09-03T22:23:11.488+00:00,REST,0,"POSE,-78.2,1433.8,90.43,0"
2026-09-03T22:23:11.567+00:00,REST,0,"SYS,WAIT_START,0,1,8,MANUAL,RED,0"
2026-09-03T22:23:11.567+00:00,REST,0,"HDG,90.43,90.17,-0.26,1,1"
2026-09-03T22:23:11.567+00:00,REST,0,"TOF,260.0,0,170,-90.0"
2026-09-03T22:23:11.567+00:00,REST,0,"TOFI,0,0,0,1"
2026-09-03T22:23:11.567+00:00,REST,0,"AUTO,2,0,0,0,0,NONE,NONE,0,3"
2026-09-03T22:23:11.567+00:00,REST,0,"MOTION,741512,0,0.00,0.00,0.0000,0.00,0.00"
2026-09-03T22:23:11.677+00:00,REST,0,"TEL,741662,-0.42,1.67,4.42,-0.06,90.10,-0.402,0.0"
2026-09-03T22:23:11.677+00:00,REST,0,"WHEEL,FL,0.00,-0.42,0,-733"
2026-09-03T22:23:11.677+00:00,REST,0,"WHEEL,FR,0.00,1.67,0,1636"
2026-09-03T22:23:11.677+00:00,REST,0,"WHEEL,BL,0.00,4.42,0,2156"
2026-09-03T22:23:11.677+00:00,REST,0,"WHEEL,BR,0.00,-0.06,0,-949"
2026-09-03T22:23:11.677+00:00,REST,0,"POSE,-92.8,1433.8,90.12,0"
2026-09-03T22:23:11.709+00:00,REST,0,"SYS,WAIT_START,0,1,8,MANUAL,RED,0"
2026-09-03T22:23:11.740+00:00,REST,0,"HDG,90.10,90.17,0.07,1,1"
2026-09-03T22:23:11.740+00:00,REST,0,"TOF,260.0,0,170,-90.0"
2026-09-03T22:23:11.740+00:00,REST,0,"TOFI,0,0,0,1"
2026-09-03T22:23:11.740+00:00,REST,0,"AUTO,2,0,0,0,0,NONE,NONE,0,3"
2026-09-03T22:23:11.771+00:00,REST,0,"MOTION,741711,0,0.00,0.00,0.0000,0.00,0.00"
2026-09-03T22:23:11.834+00:00,REST,0,"TEL,741862,0.02,0.04,0.09,0.03,90.08,-0.402,0.0"
2026-09-03T22:23:11.834+00:00,REST,0,"WHEEL,FL,0.00,0.02,0,-731"
2026-09-03T22:23:11.913+00:00,REST,0,"WHEEL,FR,0.00,0.04,0,1637"
2026-09-03T22:23:11.913+00:00,REST,0,"WHEEL,BL,0.00,0.09,0,2158"
2026-09-03T22:23:11.913+00:00,REST,0,"WHEEL,BR,0.00,0.03,0,-947"
2026-09-03T22:23:11.913+00:00,REST,0,"POSE,-92.6,1435.6,90.08,0"
2026-09-03T22:23:11.913+00:00,REST,0,"SYS,WAIT_START,0,1,8,MANUAL,RED,0"
2026-09-03T22:23:11.913+00:00,REST,0,"HDG,90.08,90.17,0.09,1,1"
2026-09-03T22:23:11.913+00:00,REST,0,"TOF,260.0,0,170,-90.0"
2026-09-03T22:23:11.913+00:00,REST,0,"TOFI,0,0,0,1"
2026-09-03T22:23:11.943+00:00,RIGHT_400,-400,",0,NONE,NONE,0,3"
2026-09-03T22:23:11.974+00:00,RIGHT_400,-400,"MOTION,741910,0,0.00,0.00,0.0000,0.00,0.00"
2026-09-03T22:23:12.036+00:00,RIGHT_400,-400,"TEL,742063,0.00,0.00,0.00,0.00,90.08,-0.402,0.0"
2026-09-03T22:23:12.036+00:00,RIGHT_400,-400,"WHEEL,FL,0.00,0.00,0,-731"
2026-09-03T22:23:12.115+00:00,RIGHT_400,-400,"WHEEL,FR,0.00,0.00,0,1637"
2026-09-03T22:23:12.115+00:00,RIGHT_400,-400,"WHEEL,BL,0.00,0.00,0,2158"
2026-09-03T22:23:12.115+00:00,RIGHT_400,-400,"WHEEL,BR,0.00,0.00,0,-947"
2026-09-03T22:23:12.115+00:00,RIGHT_400,-400,"POSE,-92.6,1435.6,90.08,0"
2026-09-03T22:23:12.115+00:00,RIGHT_400,-400,"SYS,WAIT_START,0,1,8,MANUAL,RED,0"
2026-09-03T22:23:12.115+00:00,RIGHT_400,-400,"HDG,90.08,90.17,0.09,1,1"
2026-09-03T22:23:12.115+00:00,RIGHT_400,-400,"TOF,260.0,0,170,-90.0"
2026-09-03T22:23:12.115+00:00,RIGHT_400,-400,"TOFI,0,0,0,1"
2026-09-03T22:23:12.146+00:00,RIGHT_400,-400,"AUTO,2,0,0,0,0,NONE,NONE,0,3"
2026-09-03T22:23:12.146+00:00,RIGHT_400,-400,"MOTION,742111,0,0.00,0.00,0.0000,0.00,0.00"
2026-09-03T22:23:12.239+00:00,RIGHT_400,-400,"TEL,742263,55.18,-50.95,-56.84,68.10,90.32,-0.402,0.0"
2026-09-03T22:23:12.239+00:00,RIGHT_400,-400,"WHEEL,FL,76.39,55.18,67,-703"
2026-09-03T22:23:12.271+00:00,RIGHT_400,-400,"WHEEL,FR,-76.39,-50.95,-63,1595"
2026-09-03T22:23:12.350+00:00,RIGHT_400,-400,"WHEEL,BL,-76.39,-56.84,-59,2126"
2026-09-03T22:23:12.350+00:00,RIGHT_400,-400,"WHEEL,BR,76.39,68.10,48,-907"
2026-09-03T22:23:12.350+00:00,RIGHT_400,-400,"POSE,-55.4,1434.1,90.32,0"
2026-09-03T22:23:12.350+00:00,RIGHT_400,-400,"SYS,WAIT_START,0,1,8,MANUAL,RED,0"
2026-09-03T22:23:12.350+00:00,RIGHT_400,-400,"HDG,90.32,90.17,-0.15,1,1"
2026-09-03T22:23:12.350+00:00,RIGHT_400,-400,"TOF,260.0,0,170,-90.0"
2026-09-03T22:23:12.350+00:00,RIGHT_400,-400,"TOFI,0,0,0,1"
2026-09-03T22:23:12.350+00:00,RIGHT_400,-400,"AUTO,2,0,0,0,0,NONE,NONE,0,3"
2026-09-03T22:23:12.350+00:00,RIGHT_400,-400,"MOTION,742315,1,0.00,-400.00,0.0000,0.00,0.00"
2026-09-03T22:23:12.444+00:00,RIGHT_400,-400,"TEL,742464,87.61,-63.95,-74.18,72.91,90.35,-0.402,0.0"
2026-09-03T22:23:12.444+00:00,RIGHT_400,-400,"WHEEL,FL,76.39,87.61,41,-622"
2026-09-03T22:23:12.475+00:00,RIGHT_400,-400,"WHEEL,FR,-76.39,-63.95,-53,1528"
2026-09-03T22:23:12.475+00:00,RIGHT_400,-400,"WHEEL,BL,-76.39,-74.18,-46,2052"
2026-09-03T22:23:12.475+00:00,RIGHT_400,-400,"WHEEL,BR,76.39,72.91,44,-828"
2026-09-03T22:23:12.505+00:00,RIGHT_400,-400,"POSE,23.4,1439.8,90.35,0"
2026-09-03T22:23:12.506+00:00,RIGHT_400,-400,"SYS,WAIT_START,0,1,8,MANUAL,RED,0"
2026-09-03T22:23:12.585+00:00,RIGHT_400,-400,"HDG,90.35,90.17,-0.18,1,1"
2026-09-03T22:23:12.585+00:00,RIGHT_400,-400,"TOF,260.0,0,170,-90.0"
2026-09-03T22:23:12.585+00:00,RIGHT_400,-400,"TOFI,0,0,0,1"
2026-09-03T22:23:12.585+00:00,RIGHT_400,-400,"AUTO,2,0,0,0,0,NONE,NONE,0,3"
2026-09-03T22:23:12.585+00:00,RIGHT_400,-400,"MOTION,742516,1,0.00,-400.00,0.0000,0.00,0.00"
2026-09-03T22:23:12.694+00:00,RIGHT_400,-400,"TEL,742667,73.64,-68.07,-65.61,69.03,89.83,-0.402,0.0"
2026-09-03T22:23:12.694+00:00,RIGHT_400,-400,"WHEEL,FL,76.39,73.64,53,-558"
2026-09-03T22:23:12.694+00:00,RIGHT_400,-400,"WHEEL,FR,-76.39,-68.07,-51,1466"
2026-09-03T22:23:12.694+00:00,RIGHT_400,-400,"WHEEL,BL,-76.39,-65.61,-54,1998"
2026-09-03T22:23:12.694+00:00,RIGHT_400,-400,"WHEEL,BR,76.39,69.03,47,-762"
2026-09-03T22:23:12.694+00:00,RIGHT_400,-400,"POSE,87.8,1443.4,89.88,0"
2026-09-03T22:23:12.694+00:00,RIGHT_400,-400,"SYS,WAIT_START,0,1,8,MANUAL,RED,0"
2026-09-03T22:23:12.726+00:00,RIGHT_400,-400,"HDG,89.83,90.17,0.35,1,1"
2026-09-03T22:23:12.726+00:00,RIGHT_400,-400,"TOF,260.0,0,170,-90.0"
2026-09-03T22:23:12.758+00:00,RIGHT_400,-400,"TOFI,0,0,0,1"
2026-09-03T22:23:12.758+00:00,RIGHT_400,-400,"AUTO,2,0,0,0,0,NONE,NONE,0,3"
2026-09-03T22:23:12.758+00:00,RIGHT_400,-400,"MOTION,742719,1,0.00,-400.00,0.0000,0.00,0.00"
2026-09-03T22:23:12.851+00:00,RIGHT_400,-400,"TEL,742867,75.34,-65.75,-73.19,66.45,90.54,-0.402,0.0"
2026-09-03T22:23:12.851+00:00,RIGHT_400,-400,"WHEEL,FL,76.39,75.34,52,-487"
2026-09-03T22:23:12.883+00:00,RIGHT_400,-400,"WHEEL,FR,-76.39,-65.75,-53,1400"
2026-09-03T22:23:12.883+00:00,RIGHT_400,-400,"WHEEL,BL,-76.39,-73.19,-48,1926"
2026-09-03T22:23:12.883+00:00,RIGHT_400,-400,"WHEEL,BR,76.39,66.45,50,-685"
2026-09-03T22:23:12.914+00:00,RIGHT_400,-400,"POSE,162.6,1446.4,90.54,0"
2026-09-03T22:23:12.914+00:00,RIGHT_400,-400,"SYS,WAIT_START,0,1,8,MANUAL,RED,0"
2026-09-03T22:23:12.914+00:00,RIGHT_400,-400,"HDG,90.54,90.17,-0.36,1,1"
2026-09-03T22:23:12.914+00:00,RIGHT_400,-400,"TOF,260.0,0,170,-90.0"
2026-09-03T22:23:12.945+00:00,RIGHT_400,-400,"TOFI,0,0,0,1"
2026-09-03T22:23:12.945+00:00,RIGHT_400,-400,"AUTO,2,0,0,0,0,NONE,NONE,0,3"
2026-09-03T22:23:12.977+00:00,RIGHT_400,-400,"MOTION,742919,1,0.00,-400.00,0.0000,0.00,0.00"
2026-09-03T22:23:13.054+00:00,RIGHT_400,-400,"TEL,743068,72.42,-84.10,-58.96,65.63,90.34,-0.402,0.0"
2026-09-03T22:23:13.054+00:00,RIGHT_400,-400,"WHEEL,FL,76.39,72.42,55,-416"
2026-09-03T22:23:13.054+00:00,RIGHT_400,-400,"WHEEL,FR,-76.39,-84.10,-40,1333"
2026-09-03T22:23:13.085+00:00,RIGHT_400,-400,"WHEEL,BL,-76.39,-58.96,-60,1870"
2026-09-03T22:23:13.085+00:00,RIGHT_400,-400,"WHEEL,BR,76.39,65.63,50,-614"
2026-09-03T22:23:13.164+00:00,RIGHT_400,-400,"POSE,231.9,1452.3,90.34,0"
2026-09-03T22:23:13.165+00:00,RIGHT_400,-400,"SYS,WAIT_START,0,1,8,MANUAL,RED,0"
2026-09-03T22:23:13.165+00:00,RIGHT_400,-400,"HDG,90.34,90.17,-0.16,1,1"
2026-09-03T22:23:13.165+00:00,RIGHT_400,-400,"TOF,260.0,0,170,-90.0"
2026-09-03T22:23:13.165+00:00,RIGHT_400,-400,"TOFI,0,0,0,1"
2026-09-03T22:23:13.165+00:00,RIGHT_400,-400,"AUTO,2,0,0,0,0,NONE,NONE,0,3"
2026-09-03T22:23:13.165+00:00,RIGHT_400,-400,"MOTION,743120,1,0.00,-400.00,0.0000,0.00,0.00"
2026-09-03T22:23:13.243+00:00,REST,0,"TEL,743268,76.89,-72.88,-73.62,75.16,90.41,-0.402,0.0"
2026-09-03T22:23:13.244+00:00,REST,0,"WHEEL,FL,76.39,76.89,52,-348"
2026-09-03T22:23:13.274+00:00,REST,0,"WHEEL,FR,-76.39,-72.88,-49,1281"
2026-09-03T22:23:13.274+00:00,REST,0,"WHEEL,BL,-76.39,-73.62,-48,1794"
2026-09-03T22:23:13.275+00:00,REST,0,"WHEEL,BR,76.39,75.16,43,-542"
2026-09-03T22:23:13.305+00:00,REST,0,"POSE,302.0,1456.5,90.46,0"
2026-09-03T22:23:13.305+00:00,REST,0,"SYS,WAIT_START,0,1,8,MANUAL,RED,0"
2026-09-03T22:23:13.337+00:00,REST,0,"HDG,90.41,90.17,-0.24,1,1"
2026-09-03T22:23:13.337+00:00,REST,0,"TOF,260.0,0,170,-90.0"
2026-09-03T22:23:13.337+00:00,REST,0,"TOFI,0,0,0,1"
2026-09-03T22:23:13.337+00:00,REST,0,"AUTO,2,0,0,0,0,NONE,NONE,0,3"
2026-09-03T22:23:13.368+00:00,REST,0,"MOTION,743320,1,0.00,-400.00,0.0000,0.00,0.00"
2026-09-03T22:23:13.478+00:00,REST,0,"TEL,743469,37.00,-31.81,-13.05,27.54,89.65,-0.402,0.0"
2026-09-03T22:23:13.478+00:00,REST,0,"WHEEL,FL,0.00,37.00,0,-291"
2026-09-03T22:23:13.478+00:00,REST,0,"WHEEL,FR,0.00,-31.81,0,1236"
2026-09-03T22:23:13.478+00:00,REST,0,"WHEEL,BL,0.00,-13.05,0,1761"
2026-09-03T22:23:13.478+00:00,REST,0,"WHEEL,BR,0.00,27.54,0,-492"
2026-09-03T22:23:13.478+00:00,REST,0,"POSE,350.4,1464.2,89.71,0"
2026-09-03T22:23:13.509+00:00,REST,0,"SYS,WAIT_START,0,1,8,MANUAL,RED,0"
2026-09-03T22:23:13.541+00:00,REST,0,"HDG,89.65,90.17,0.52,1,1"
2026-09-03T22:23:13.541+00:00,REST,0,"TOF,260.0,0,170,-90.0"
2026-09-03T22:23:13.541+00:00,REST,0,"TOFI,0,0,0,1"
2026-09-03T22:23:13.541+00:00,REST,0,"AUTO,2,0,0,0,0,NONE,NONE,0,3"
2026-09-03T22:23:13.573+00:00,REST,0,"MOTION,743519,0,0.00,0.00,0.0000,0.00,0.00"
2026-09-03T22:23:13.635+00:00,REST,0,"TEL,743669,0.59,-0.52,-0.19,1.58,89.08,-0.402,0.0"
2026-09-03T22:23:13.635+00:00,REST,0,"WHEEL,FL,0.00,0.59,0,-285"
2026-09-03T22:23:13.715+00:00,REST,0,"WHEEL,FR,0.00,-0.52,0,1230"
2026-09-03T22:23:13.715+00:00,REST,0,"WHEEL,BL,0.00,-0.19,0,1760"
2026-09-03T22:23:13.715+00:00,REST,0,"WHEEL,BR,0.00,1.58,0,-491"
2026-09-03T22:23:13.715+00:00,REST,0,"POSE,354.1,1464.1,89.08,0"
2026-09-03T22:23:13.715+00:00,REST,0,"SYS,WAIT_START,0,1,8,MANUAL,RED,0"
2026-09-03T22:23:13.715+00:00,REST,0,"HDG,89.08,90.17,1.10,1,1"
2026-09-03T22:23:13.715+00:00,REST,0,"TOF,260.0,0,170,-90.0"
2026-09-03T22:23:13.715+00:00,REST,0,"TOFI,0,0,0,1"
2026-09-03T22:23:13.745+00:00,REST,0,"AUTO,2,0,0,0,0,NONE,NONE,0,3"
2026-09-03T22:23:13.823+00:00,REST,0,"MOTION,743717,0,0.00,0.00,0.0000,0.00,0.00"
