wheel,requested_rpm,elapsed_s,target_rpm,actual_rpm,pwm,encoder
FL,60.0,0.0003419999993639067,0.0,0.0,0,8637
FL,60.0,0.0003419999993639067,0.0,0.0,0,8637
FL,60.0,0.0003419999993639067,0.0,0.0,0,8637
FL,60.0,0.0003419999993639067,0.0,0.0,0,8637
FL,60.0,0.0003419999993639067,0.0,0.0,0,8637
FL,60.0,0.1548583999992843,0.0,0.0,0,8637
FL,60.0,0.3106750999995711,60.0,96.01,25,8675
FL,60.0,0.4693100999993476,60.0,72.95,43,8724
FL,60.0,0.6244119999992108,60.0,70.62,44,8790
FL,60.0,0.8447185000004538,60.0,64.39,48,8858
FL,60.0,1.0317450999991706,60.0,64.62,47,8929
FL,60.0,1.2516465999997308,60.0,68.76,43,8999
FL,60.0,1.43787440000051,60.0,69.85,42,9064
FL,60.0,1.6237072000003536,60.0,69.31,42,9128
FL,60.0,1.84277529999963,60.0,64.14,45,9192
FL,60.0,2.0307610999989265,60.0,69.03,41,9259
FL,60.0,2.24939859999904,60.0,63.61,45,9321
FL,60.0,2.4369045999992522,60.0,59.97,47,9386
FL,60.0,2.652653900000587,60.0,62.27,45,9456
FL,60.0,2.839392800000496,60.0,64.73,43,9521
FL,60.0,3.0276983000003383,60.0,61.56,45,9584
FL,60.0,3.246795099999872,60.0,64.0,43,9649
FL,60.0,3.4336045999989437,60.0,65.26,42,9710
FL,60.0,3.6521610999989207,60.0,60.88,45,9770
FL,60.0,3.8408151999992697,60.0,66.21,40,9836
FL,60.0,4.027132999999594,60.0,65.62,41,9895
FL,-60.0,0.00026929999876301736,60.0,64.19,42,9954
FL,-60.0,0.00026929999876301736,0.0,6.62,0,9996
FL,-60.0,0.08815239999967162,0.0,0.06,0,9996
FL,-60.0,0.3055456000001868,-60.0,-68.4,-49,9947
FL,-60.0,0.525229799999579,-60.0,-73.42,-44,9867
FL,-60.0,0.6807394999996177,-60.0,-73.05,-43,9793
FL,-60.0,0.9294640999996773,-60.0,-69.54,-45,9720
FL,-60.0,1.1178084000002855,-60.0,-69.84,-44,9649
FL,-60.0,1.3063894999995682,-60.0,-67.11,-45,9574
FL,-60.0,1.5259642000000895,-60.0,-71.57,-40,9503
FL,-60.0,1.715300500000012,-60.0,-69.36,-41,9438
FL,-60.0,1.9031881999999314,-60.0,-65.71,-44,9371
FL,-60.0,2.1243647999999666,-60.0,-61.26,-46,9301
FL,-60.0,2.311745199998768,-60.0,-66.63,-42,9228
FL,-60.0,2.499719199999163,-60.0,-68.74,-39,9164
FL,-60.0,2.7175759999990987,-60.0,-63.98,-43,9104
FL,-60.0,2.907718799999202,-60.0,-59.69,-46,9037
FL,-60.0,3.126703099998849,-60.0,-61.68,-44,8967
FL,-60.0,3.3143545999992057,-60.0,-62.57,-43,8898
FL,-60.0,3.502994000000399,-60.0,-66.35,-39,8834
FL,-60.0,3.721806800000195,-60.0,-64.09,-41,8774
FL,-60.0,3.9109260000004724,-60.0,-60.45,-43,8707
FL,-60.0,4.101050100000066,-60.0,-59.87,-43,8643
FL,100.0,0.00028469999961089343,-60.0,-61.34,-42,8578
FL,100.0,0.00028469999961089343,0.0,-2.11,0,8554
FL,100.0,0.14964169999984733,0.0,-0.03,0,8554
FL,100.0,0.3379710999997769,100.0,98.87,66,8628
FL,100.0,0.5263962000008178,100.0,112.38,53,8762
FL,100.0,0.7451720000008208,100.0,115.89,50,8871
FL,100.0,0.9301202999995439,100.0,115.45,49,8980
FL,100.0,1.1492481000004773,100.0,112.31,51,9085
FL,100.0,1.3368186000006972,100.0,112.19,50,9192
FL,100.0,1.5550203000002512,100.0,105.62,55,9297
FL,100.0,1.7734576000002562,100.0,107.36,52,9422
FL,100.0,1.9595041000011406,100.0,108.24,51,9527
FL,100.0,2.1469655000000785,100.0,105.12,53,9630
FL,100.0,2.364589700000579,100.0,102.41,55,9742
FL,100.0,2.552586699999665,100.0,104.3,53,9851
FL,100.0,2.769682100000864,100.0,107.12,50,9958
FL,100.0,2.95610889999989,100.0,104.78,52,10059
FL,100.0,3.173623700000462,100.0,104.65,51,10163
FL,100.0,3.360486999999921,100.0,101.98,53,10266
FL,100.0,3.5471219000010024,100.0,106.38,49,10370
FL,100.0,3.7673125000001164,100.0,106.42,49,10470
FL,100.0,3.955978199999663,100.0,102.49,52,10570
FL,100.0,4.174433300000601,100.0,100.5,53,10673
FL,-100.0,0.000420000000303844,0.0,92.36,0,10778
FL,-100.0,0.000420000000303844,0.0,1.33,0,10783
FL,-100.0,0.23916060000010475,-100.0,-171.81,-5,10728
FL,-100.0,0.42704869999943185,-100.0,-118.21,-46,10652
FL,-100.0,0.6139008999998623,-100.0,-109.86,-51,10547
FL,-100.0,0.8315262999985862,-100.0,-111.13,-50,10439
FL,-100.0,1.0203284999988682,-100.0,-111.17,-49,10328
FL,-100.0,1.236903999999413,-100.0,-107.91,-50,10220
FL,-100.0,1.423838299999261,-100.0,-104.68,-52,10112
FL,-100.0,1.611248399998658,-100.0,-107.38,-50,10002
FL,-100.0,1.82871779999914,-100.0,-106.78,-49,9897
FL,-100.0,2.014930600000298,-100.0,-107.66,-48,9786
FL,-100.0,2.2317485000003217,-100.0,-107.86,-48,9685
FL,-100.0,2.417961399998603,-100.0,-102.54,-51,9584
FL,-100.0,2.63648110000031,-100.0,-103.44,-50,9478
FL,-100.0,2.8249701999993704,-100.0,-104.79,-49,9373
FL,-100.0,3.0422811999997066,-100.0,-104.31,-49,9263
FL,-100.0,3.2296310999990965,-100.0,-104.58,-48,9159
FL,-100.0,3.4479871000003186,-100.0,-103.21,-49,9051
FL,-100.0,3.63481259999935,-100.0,-100.12,-51,8943
FL,-100.0,3.8509666999998444,-100.0,-105.49,-47,8838
FL,-100.0,4.037774200000058,-100.0,-102.32,-49,8739
FR,60.0,0.0005975999993097503,0.0,0.0,0,445
FR,60.0,0.0005975999993097503,0.0,0.0,0,445
FR,60.0,0.0838832999997976,0.0,0.0,0,445
FR,60.0,0.30131749999964086,60.0,60.1,52,489
FR,60.0,0.49002499999915017,60.0,67.88,45,574
FR,60.0,0.7064669999999751,60.0,72.2,40,650
FR,60.0,0.8943146000001434,60.0,69.98,41,719
FR,60.0,1.0830733999991935,60.0,69.48,40,788
FR,60.0,1.3033644999995886,60.0,72.3,37,859
FR,60.0,1.4918524000004254,60.0,63.96,43,922
FR,60.0,1.679388900000049,60.0,70.87,36,992
FR,60.0,1.8971244000003935,60.0,71.9,35,1054
FR,60.0,2.0845848999997543,60.0,69.34,37,1114
FR,60.0,2.3029292999999598,60.0,69.61,36,1180
FR,60.0,2.4920786999991833,60.0,67.93,37,1241
FR,60.0,2.680069199999707,60.0,68.1,36,1301
FR,60.0,2.89914250000038,60.0,64.49,39,1363
FR,60.0,3.086362799998824,60.0,61.28,41,1427
FR,60.0,3.3068877999994584,60.0,58.16,43,1491
FR,60.0,3.4956000999991375,60.0,60.96,40,1558
FR,60.0,3.683741299999383,60.0,63.69,38,1621
FR,60.0,3.903302900000199,60.0,60.49,40,1680
FR,60.0,4.091229999999996,60.0,61.57,39,1746
FR,-60.0,0.00039339999966614414,60.0,64.53,37,1809
FR,-60.0,0.00039339999966614414,0.0,-2.84,0,1841
FR,-60.0,0.1639671000011731,0.0,-0.06,0,1841
FR,-60.0,0.35101230000145733,-60.0,-64.93,-51,1785
FR,-60.0,0.537525600000663,-60.0,-76.43,-41,1707
FR,-60.0,0.7562205000012909,-60.0,-69.74,-45,1630
FR,-60.0,0.9737208000005921,-60.0,-69.41,-44,1556
FR,-60.0,1.1618109999999433,-60.0,-71.31,-41,1484
FR,-60.0,1.3817183999999543,-60.0,-66.95,-43,1413
FR,-60.0,1.567260300000271,-60.0,-63.91,-45,1346
FR,-60.0,1.75481740000032,-60.0,-63.83,-44,1277
FR,-60.0,1.9729993000000832,-60.0,-66.75,-41,1209
FR,-60.0,2.160805600000458,-60.0,-62.27,-44,1142
FR,-60.0,2.3769158000013704,-60.0,-60.81,-45,1075
FR,-60.0,2.562809200000629,-60.0,-67.55,-39,1006
FR,-60.0,2.7803242999998474,-60.0,-65.29,-40,946
FR,-60.0,2.967635599999994,-60.0,-65.25,-40,886
FR,-60.0,3.1874796000010974,-60.0,-64.87,-40,820
FR,-60.0,3.3737367000012455,-60.0,-64.73,-40,760
FR,-60.0,3.559512200001336,-60.0,-65.04,-39,698
FR,-60.0,3.7777645000005577,-60.0,-66.42,-38,638
FR,-60.0,3.96461090000048,-60.0,-64.6,-39,581
FR,-60.0,4.182375700000193,-60.0,-63.11,-40,518
FR,100.0,0.05179809999935969,-60.0,-59.6,-43,458
FR,100.0,0.05179809999935969,0.0,-1.91,0,430
FR,100.0,0.20757989999947313,100.0,140.85,31,460
FR,100.0,0.3933891999986372,100.0,122.48,43,582
FR,100.0,0.6113329999989219,100.0,116.3,47,688
FR,100.0,0.797047099998963,100.0,113.86,47,805
FR,100.0,1.0155132999989291,100.0,109.75,49,911
FR,100.0,1.2028074999998353,100.0,108.55,49,1023
FR,100.0,1.4216469999992114,100.0,111.43,46,1140
FR,100.0,1.6072836000003008,100.0,107.66,48,1246
FR,100.0,1.7936207999991893,100.0,112.05,43,1354
FR,100.0,1.981005899999218,100.0,103.29,50,1455
FR,100.0,2.1983806999996887,100.0,107.88,45,1567
FR,100.0,2.3844492999996874,100.0,102.91,49,1669
FR,100.0,2.60560919999989,100.0,101.94,49,1776
FR,100.0,2.8245375999995304,100.0,103.65,47,1895
FR,100.0,3.0098915999988094,100.0,105.68,45,1998
FR,100.0,3.1964195000000473,100.0,103.38,46,2099
FR,100.0,3.4152336999995896,100.0,103.18,46,2205
FR,100.0,3.602066299999933,100.0,103.13,46,2307
FR,100.0,3.821632999999565,100.0,99.98,48,2408
FR,100.0,4.0082299999994575,100.0,101.2,47,2512
FR,-100.0,0.051260399999591755,0.0,53.14,0,2705
FR,-100.0,0.051260399999591755,0.0,0.75,0,2707
FR,-100.0,0.2408226999996259,-100.0,-159.46,-16,2644
FR,-100.0,0.4318634999999631,-100.0,-127.6,-40,2568
FR,-100.0,0.6451372999999876,-100.0,-109.53,-52,2461
FR,-100.0,0.8338535000002594,-100.0,-111.88,-49,2348
FR,-100.0,1.021367299999838,-100.0,-109.07,-50,2239
FR,-100.0,1.2701059999999416,-100.0,-105.98,-52,2129
FR,-100.0,1.4547906999996485,-100.0,-107.06,-50,2020
FR,-100.0,1.6421645999998873,-100.0,-108.89,-48,1914
FR,-100.0,1.8603605999996944,-100.0,-105.7,-50,1809
FR,-100.0,2.047677399999884,-100.0,-104.52,-50,1705
FR,-100.0,2.2663327000009303,-100.0,-105.1,-49,1597
FR,-100.0,2.4516593999996985,-100.0,-105.05,-49,1492
FR,-100.0,2.669656000000032,-100.0,-102.63,-50,1389
FR,-100.0,2.8563328000000183,-100.0,-105.04,-48,1284
FR,-100.0,3.0423759999994218,-100.0,-107.19,-46,1182
FR,-100.0,3.2603658999996696,-100.0,-99.71,-51,1083
FR,-100.0,3.446499900001072,-100.0,-102.24,-49,977
FR,-100.0,3.6656464999996388,-100.0,-103.21,-48,870
FR,-100.0,3.85177560000011,-100.0,-98.98,-51,772
FR,-100.0,4.070893199999773,-100.0,-101.56,-49,664
BL,60.0,0.05167350000010629,0.0,0.0,0,254
BL,60.0,0.05167350000010629,0.0,0.0,0,254
BL,60.0,0.08477579999998852,0.0,0.0,0,254
BL,60.0,0.3025500000003376,60.0,63.96,42,294
BL,60.0,0.49252290000003995,60.0,65.82,40,355
BL,60.0,0.7094268000000739,60.0,68.26,38,423
BL,60.0,0.896183500000916,60.0,65.15,40,486
BL,60.0,1.1147842000009405,60.0,69.16,36,553
BL,60.0,1.3035090000012133,60.0,67.06,37,613
BL,60.0,1.4900734000002558,60.0,60.96,42,675
BL,60.0,1.7062961000010546,60.0,62.22,41,742
BL,60.0,1.8933113000002777,60.0,58.87,43,805
BL,60.0,2.11272579999968,60.0,58.74,43,871
BL,60.0,2.2993303000002925,60.0,60.2,41,938
BL,60.0,2.4859290000003966,60.0,63.69,38,1001
BL,60.0,2.705866199999946,60.0,64.44,38,1061
BL,60.0,2.8917732999998407,60.0,64.1,38,1123
BL,60.0,3.1094253999999637,60.0,62.89,38,1184
BL,60.0,3.2944765000011103,60.0,61.34,39,1243
BL,60.0,3.5140245000002324,60.0,58.51,42,1307
BL,60.0,3.701976600001217,60.0,57.22,42,1371
BL,60.0,3.8878162000000884,60.0,60.93,39,1436
BL,60.0,4.106547200000932,60.0,66.04,35,1497
BL,-60.0,0.0003447999988566153,60.0,63.83,37,1552
BL,-60.0,0.0003447999988566153,0.0,3.59,0,1587
BL,-60.0,0.1628672999995615,-60.0,0.05,-92,1587
BL,-60.0,0.34994889999870793,-60.0,-45.77,-55,1464
BL,-60.0,0.536514100000204,-60.0,-49.44,-52,1390
BL,-60.0,0.7549897999997484,-60.0,-57.44,-45,1321
BL,-60.0,0.9402013999988412,-60.0,-62.05,-42,1260
BL,-60.0,1.1601961999986088,-60.0,-56.61,-46,1205
BL,-60.0,1.3788795000000391,-60.0,-56.39,-47,1148
BL,-60.0,1.5671764999988227,-60.0,-57.28,-46,1084
BL,-60.0,1.7561654999990424,-60.0,-61.4,-43,1024
BL,-60.0,1.9416721999987203,-60.0,-58.63,-45,968
BL,-60.0,2.1610180999996373,-60.0,-57.98,-46,904
BL,-60.0,2.380341899999621,-60.0,-56.94,-47,842
BL,-60.0,2.6001270999986446,-60.0,-64.25,-41,781
BL,-60.0,2.788178799999514,-60.0,-64.09,-41,725
BL,-60.0,3.0077860000001237,-60.0,-59.0,-45,672
BL,-60.0,3.194675199998528,-60.0,-57.36,-47,612
BL,-60.0,3.383861000000252,-60.0,-58.89,-46,553
BL,-60.0,3.6036298999988503,-60.0,-64.14,-41,492
BL,-60.0,3.7925728999998682,-60.0,-62.42,-43,437
BL,-60.0,3.9818992000000435,-60.0,-57.81,-47,378
BL,100.0,0.0003037999995285645,-60.0,-65.95,-40,314
BL,100.0,0.0003037999995285645,0.0,-30.8,0,269
BL,100.0,0.03606170000057318,0.0,-0.64,0,269
BL,100.0,0.2531883999999991,100.0,91.3,59,327
BL,100.0,0.43960409999999683,100.0,101.98,50,441
BL,100.0,0.6569256999991921,100.0,107.56,45,553
BL,100.0,0.8453098999998474,100.0,103.99,48,653
BL,100.0,1.0326131000001624,100.0,103.88,47,758
BL,100.0,1.2527023000002373,100.0,108.3,43,862
BL,100.0,1.437388500000452,100.0,100.8,49,958
BL,100.0,1.6554059999998572,100.0,103.66,47,1063
BL,100.0,1.8431345999997575,100.0,100.67,49,1169
BL,100.0,2.030182500000592,100.0,101.93,47,1273
BL,100.0,2.249876399999266,100.0,103.47,46,1376
BL,100.0,2.4380390999995143,100.0,102.25,47,1477
BL,100.0,2.6568215999996028,100.0,103.28,46,1578
BL,100.0,2.844086299999617,100.0,105.6,44,1679
BL,100.0,3.059249300000374,100.0,100.06,48,1776
BL,100.0,3.2472529000006034,100.0,103.82,45,1880
BL,100.0,3.432641199999125,100.0,103.79,45,1980
BL,100.0,3.651709199999459,100.0,102.51,46,2082
BL,100.0,3.8408395999995264,100.0,99.21,48,2183
BL,100.0,4.060427000000345,100.0,103.25,45,2294
BL,-100.0,0.05085919999874022,100.0,101.49,46,2392
BL,-100.0,0.05085919999874022,0.0,6.02,0,2446
BL,-100.0,0.11273809999875084,0.0,0.05,0,2446
BL,-100.0,0.3001860999993369,-100.0,-84.13,-68,2389
BL,-100.0,0.48741119999976945,-100.0,-102.0,-54,2268
BL,-100.0,0.7050552999990032,-100.0,-99.58,-55,2160
BL,-100.0,0.8927745000000868,-100.0,-96.3,-58,2058
BL,-100.0,1.1121306000004552,-100.0,-102.9,-52,1951
BL,-100.0,1.297608400000172,-100.0,-101.2,-54,1854
BL,-100.0,1.5152080999996542,-100.0,-100.13,-54,1751
BL,-100.0,1.733298699999068,-100.0,-100.16,-54,1647
BL,-100.0,1.9215487000001303,-100.0,-100.79,-54,1548
BL,-100.0,2.1094376999990345,-100.0,-98.44,-55,1448
BL,-100.0,2.329380699999092,-100.0,-96.42,-57,1342
BL,-100.0,2.514856800000416,-100.0,-98.84,-55,1240
BL,-100.0,2.733896800000366,-100.0,-102.12,-52,1133
BL,-100.0,2.9202205000001413,-100.0,-102.56,-52,1034
BL,-100.0,3.1096663999996963,-100.0,-102.19,-52,939
BL,-100.0,3.330365099998744,-100.0,-100.73,-53,835
BL,-100.0,3.518123599998944,-100.0,-98.38,-55,734
BL,-100.0,3.7058876999999484,-100.0,-98.21,-55,632
BL,-100.0,3.9228127999995195,-100.0,-100.41,-53,530
BL,-100.0,4.112875499999063,-100.0,-100.61,-53,432
BR,60.0,0.0004047999991598772,0.0,0.0,0,421
BR,60.0,0.0004047999991598772,0.0,0.0,0,421
BR,60.0,0.18179769999915152,60.0,63.29,43,432
BR,60.0,0.37141279999923427,60.0,74.6,32,533
BR,60.0,0.5917734999984532,60.0,65.85,38,591
BR,60.0,0.7816685999987385,60.0,69.72,35,657
BR,60.0,1.0309238999998342,60.0,66.91,37,726
BR,60.0,1.21677279999858,60.0,67.77,35,793
BR,60.0,1.4054717999988497,60.0,61.71,40,854
BR,60.0,1.6231702999994013,60.0,67.9,35,921
BR,60.0,1.8099270999991859,60.0,64.89,37,982
BR,60.0,2.0292415999992954,60.0,61.97,39,1044
BR,60.0,2.2164075000000594,60.0,62.45,38,1109
BR,60.0,2.404797999999573,60.0,61.06,39,1175
BR,60.0,2.623632999999245,60.0,61.14,39,1239
BR,60.0,2.8115180999993754,60.0,61.86,38,1304
BR,60.0,3.031756200000018,60.0,62.03,37,1367
BR,60.0,3.220425499999692,60.0,59.9,39,1431
BR,60.0,3.4382105999993655,60.0,60.31,38,1495
BR,60.0,3.6272270999998,60.0,59.96,38,1555
BR,60.0,3.8435713999988366,60.0,61.92,37,1621
BR,60.0,4.031301600000006,60.0,63.03,36,1681
BR,-60.0,0.00040830000034475233,60.0,62.64,36,1741
BR,-60.0,0.00040830000034475233,0.0,19.82,0,1791
BR,-60.0,0.00040830000034475233,0.0,0.27,0,1791
BR,-60.0,0.2738283999988198,-60.0,-54.28,-49,1753
BR,-60.0,0.46098689999962517,-60.0,-61.25,-43,1687
BR,-60.0,0.6776523999997153,-60.0,-59.8,-44,1626
BR,-60.0,0.8654387999995379,-60.0,-58.91,-45,1563
BR,-60.0,1.0842754999994213,-60.0,-60.42,-44,1496
BR,-60.0,1.2706550000002608,-60.0,-60.76,-43,1434
BR,-60.0,1.4588764999989507,-60.0,-60.89,-43,1372
BR,-60.0,1.6808096999993722,-60.0,-58.17,-45,1313
BR,-60.0,1.867856799999572,-60.0,-57.32,-46,1251
BR,-60.0,2.0839617000001454,-60.0,-59.28,-44,1182
BR,-60.0,2.30306709999968,-60.0,-59.7,-43,1115
BR,-60.0,2.4902753999995184,-60.0,-61.85,-42,1053
BR,-60.0,2.7072535999996035,-60.0,-61.03,-42,993
BR,-60.0,2.894561299999623,-60.0,-66.02,-38,931
BR,-60.0,3.0795046000002912,-60.0,-60.86,-42,875
BR,-60.0,3.2981992999993963,-60.0,-58.2,-44,816
BR,-60.0,3.4856880999996065,-60.0,-59.39,-44,754
BR,-60.0,3.703414599998723,-60.0,-65.68,-38,693
BR,-60.0,3.891481200000271,-60.0,-60.72,-42,638
BR,-60.0,4.078693499999645,-60.0,-63.16,-40,575
BR,100.0,0.051185499998609885,-60.0,-56.54,-46,518
BR,100.0,0.051185499998609885,0.0,-2.63,0,483
BR,100.0,0.14816919999975653,0.0,-0.04,0,483
BR,100.0,0.33753879999858327,100.0,90.35,63,544
BR,100.0,0.52596099999937,100.0,119.14,39,688
BR,100.0,0.7458012999995844,100.0,110.31,45,791
BR,100.0,0.9344240999998874,100.0,105.28,48,896
BR,100.0,1.1547074999998586,100.0,107.22,46,1007
BR,100.0,1.3405313999992359,100.0,110.65,43,1114
BR,100.0,1.5257162999987486,100.0,105.11,47,1223
BR,100.0,1.7440159999987372,100.0,110.23,42,1331
BR,100.0,1.9324655999989773,100.0,106.74,44,1433
BR,100.0,2.1517217999989953,100.0,102.79,47,1531
BR,100.0,2.3392867000002298,100.0,100.68,48,1638
BR,100.0,2.525573999999324,100.0,107.99,42,1751
BR,100.0,2.742937399998482,100.0,101.35,47,1852
BR,100.0,2.9312660999985383,100.0,103.52,45,1958
BR,100.0,3.151332100000218,100.0,106.9,42,2063
BR,100.0,3.3390693000001193,100.0,107.38,41,2158
BR,100.0,3.5269888999991963,100.0,103.0,45,2259
BR,100.0,3.7468843999995443,100.0,101.48,46,2360
BR,100.0,3.934483099999852,100.0,103.87,44,2464
BR,100.0,4.153811099999075,100.0,102.32,45,2566
BR,-100.0,0.0003858999989461154,100.0,103.07,44,2667
BR,-100.0,0.0003858999989461154,0.0,3.36,0,2718
BR,-100.0,0.1792435999996087,-100.0,-25.31,-111,2714
BR,-100.0,0.39652189999833354,-100.0,-115.68,-38,2499
BR,-100.0,0.5858027999984188,-100.0,-100.36,-50,2410
BR,-100.0,0.8027389999988372,-100.0,-99.16,-51,2313
BR,-100.0,0.9904411999996228,-100.0,-100.44,-50,2213
BR,-100.0,1.2082276000001002,-100.0,-99.95,-51,2110
BR,-100.0,1.4273885999991762,-100.0,-96.64,-53,2011
BR,-100.0,1.613406299999042,-100.0,-95.58,-54,1903
BR,-100.0,1.8319805999999517,-100.0,-94.96,-54,1799
BR,-100.0,2.021054099999674,-100.0,-101.9,-49,1694
BR,-100.0,2.209254099998361,-100.0,-103.15,-48,1595
BR,-100.0,2.4286178999991535,-100.0,-102.77,-48,1501
BR,-100.0,2.6174813999987236,-100.0,-101.42,-49,1400
BR,-100.0,2.8042889999996987,-100.0,-97.0,-53,1303
BR,-100.0,3.023567099999127,-100.0,-95.89,-54,1200
BR,-100.0,3.2107517999993433,-100.0,-102.38,-48,1095
BR,-100.0,3.4311210999985633,-100.0,-98.75,-51,997
BR,-100.0,3.618252999998731,-100.0,-100.44,-50,897
BR,-100.0,3.8064626999985194,-100.0,-97.02,-53,798
BR,-100.0,4.022501699999339,-100.0,-98.9,-51,695
